date,day,temperature,species,replicate,microcosm,weight.1,weight.2,weight.3,weight.4,weight.5,count
01/12/2005,0,32,tetrahymena,1,1,1,1,1,1,1,1.14
01/12/2005,0,32,tetrahymena,2,2,1,1,1,1,1,1.14
01/12/2005,0,32,tetrahymena,3,3,1,1,1,1,1,1.14
01/12/2005,0,32,loxocephallus,1,4,1,1,1,1,1,0.83
01/12/2005,0,32,loxocephallus,2,5,1,1,1,1,1,0.83
01/12/2005,0,32,loxocephallus,3,6,1,1,1,1,1,0.83
01/12/2005,0,32,colpidium,1,7,1,1,1,1,1,0.87
01/12/2005,0,32,colpidium,2,8,1,1,1,1,1,0.87
01/12/2005,0,32,colpidium,3,9,1,1,1,1,1,0.87
01/12/2005,0,32,paramecium,1,10,1,1,1,1,1,0.51
01/12/2005,0,32,paramecium,2,11,1,1,1,1,1,0.51
01/12/2005,0,32,paramecium,3,12,1,1,1,1,1,0.51
01/12/2005,0,30,tetrahymena,1,13,1,1,1,1,1,1.14
01/12/2005,0,30,tetrahymena,2,14,1,1,1,1,1,1.14
01/12/2005,0,30,tetrahymena,3,15,1,1,1,1,1,1.14
01/12/2005,0,30,loxocephallus,1,16,1,1,1,1,1,0.83
01/12/2005,0,30,loxocephallus,2,17,1,1,1,1,1,0.83
01/12/2005,0,30,loxocephallus,3,18,1,1,1,1,1,0.83
01/12/2005,0,30,colpidium,1,19,1,1,1,1,1,0.87
01/12/2005,0,30,colpidium,2,20,1,1,1,1,1,0.87
01/12/2005,0,30,colpidium,3,21,1,1,1,1,1,0.87
01/12/2005,0,30,paramecium,1,22,1,1,1,1,1,0.51
01/12/2005,0,30,paramecium,2,23,1,1,1,1,1,0.51
01/12/2005,0,30,paramecium,3,24,1,1,1,1,1,0.51
01/12/2005,0,28,tetrahymena,1,25,1,1,1,1,1,1.14
01/12/2005,0,28,tetrahymena,2,26,1,1,1,1,1,1.14
01/12/2005,0,28,tetrahymena,3,27,1,1,1,1,1,1.14
01/12/2005,0,28,loxocephallus,1,28,1,1,1,1,1,0.83
01/12/2005,0,28,loxocephallus,2,29,1,1,1,1,1,0.83
01/12/2005,0,28,loxocephallus,3,30,1,1,1,1,1,0.83
01/12/2005,0,28,colpidium,1,31,1,1,1,1,1,0.87
01/12/2005,0,28,colpidium,2,32,1,1,1,1,1,0.87
01/12/2005,0,28,colpidium,3,33,1,1,1,1,1,0.87
01/12/2005,0,28,paramecium,1,34,1,1,1,1,1,0.51
01/12/2005,0,28,paramecium,2,35,1,1,1,1,1,0.51
01/12/2005,0,28,paramecium,3,36,1,1,1,1,1,0.51
01/12/2005,0,26,tetrahymena,1,37,1,1,1,1,1,1.14
01/12/2005,0,26,tetrahymena,2,38,1,1,1,1,1,1.14
01/12/2005,0,26,tetrahymena,3,39,1,1,1,1,1,1.14
01/12/2005,0,26,loxocephallus,1,40,1,1,1,1,1,0.83
01/12/2005,0,26,loxocephallus,2,41,1,1,1,1,1,0.83
01/12/2005,0,26,loxocephallus,3,42,1,1,1,1,1,0.83
01/12/2005,0,26,colpidium,1,43,1,1,1,1,1,0.87
01/12/2005,0,26,colpidium,2,44,1,1,1,1,1,0.87
01/12/2005,0,26,colpidium,3,45,1,1,1,1,1,0.87
01/12/2005,0,26,paramecium,1,46,1,1,1,1,1,0.51
01/12/2005,0,26,paramecium,2,47,1,1,1,1,1,0.51
01/12/2005,0,26,paramecium,3,48,1,1,1,1,1,0.51
01/12/2005,0,24,tetrahymena,1,49,1,1,1,1,1,1.14
01/12/2005,0,24,tetrahymena,2,50,1,1,1,1,1,1.14
01/12/2005,0,24,tetrahymena,3,51,1,1,1,1,1,1.14
01/12/2005,0,24,loxocephallus,1,52,1,1,1,1,1,0.83
01/12/2005,0,24,loxocephallus,2,53,1,1,1,1,1,0.83
01/12/2005,0,24,loxocephallus,3,54,1,1,1,1,1,0.83
01/12/2005,0,24,colpidium,1,55,1,1,1,1,1,0.87
01/12/2005,0,24,colpidium,2,56,1,1,1,1,1,0.87
01/12/2005,0,24,colpidium,3,57,1,1,1,1,1,0.87
01/12/2005,0,24,paramecium,1,58,1,1,1,1,1,0.51
01/12/2005,0,24,paramecium,2,59,1,1,1,1,1,0.51
01/12/2005,0,24,paramecium,3,60,1,1,1,1,1,0.51
01/12/2005,0,22,tetrahymena,1,61,1,1,1,1,1,1.14
01/12/2005,0,22,tetrahymena,2,62,1,1,1,1,1,1.14
01/12/2005,0,22,tetrahymena,3,63,1,1,1,1,1,1.14
01/12/2005,0,22,loxocephallus,1,64,1,1,1,1,1,0.83
01/12/2005,0,22,loxocephallus,2,65,1,1,1,1,1,0.83
01/12/2005,0,22,loxocephallus,3,66,1,1,1,1,1,0.83
01/12/2005,0,22,colpidium,1,67,1,1,1,1,1,0.87
01/12/2005,0,22,colpidium,2,68,1,1,1,1,1,0.87
01/12/2005,0,22,colpidium,3,69,1,1,1,1,1,0.87
01/12/2005,0,22,paramecium,1,70,1,1,1,1,1,0.51
01/12/2005,0,22,paramecium,2,71,1,1,1,1,1,0.51
01/12/2005,0,22,paramecium,3,72,1,1,1,1,1,0.51
01/12/2005,0,20,tetrahymena,1,73,1,1,1,1,1,1.14
01/12/2005,0,20,tetrahymena,2,74,1,1,1,1,1,1.14
01/12/2005,0,20,tetrahymena,3,75,1,1,1,1,1,1.14
01/12/2005,0,20,loxocephallus,1,76,1,1,1,1,1,0.83
01/12/2005,0,20,loxocephallus,2,77,1,1,1,1,1,0.83
01/12/2005,0,20,loxocephallus,3,78,1,1,1,1,1,0.83
01/12/2005,0,20,colpidium,1,79,1,1,1,1,1,0.87
01/12/2005,0,20,colpidium,2,80,1,1,1,1,1,0.87
01/12/2005,0,20,colpidium,3,81,1,1,1,1,1,0.87
01/12/2005,0,20,paramecium,1,82,1,1,1,1,1,0.51
01/12/2005,0,20,paramecium,2,83,1,1,1,1,1,0.51
01/12/2005,0,20,paramecium,3,84,1,1,1,1,1,0.51
01/12/2005,0,18,tetrahymena,1,85,1,1,1,1,1,1.14
01/12/2005,0,18,tetrahymena,2,86,1,1,1,1,1,1.14
01/12/2005,0,18,tetrahymena,3,87,1,1,1,1,1,1.14
01/12/2005,0,18,loxocephallus,1,88,1,1,1,1,1,0.83
01/12/2005,0,18,loxocephallus,2,89,1,1,1,1,1,0.83
01/12/2005,0,18,loxocephallus,3,90,1,1,1,1,1,0.83
01/12/2005,0,18,colpidium,1,91,1,1,1,1,1,0.87
01/12/2005,0,18,colpidium,2,92,1,1,1,1,1,0.87
01/12/2005,0,18,colpidium,3,93,1,1,1,1,1,0.87
01/12/2005,0,18,paramecium,1,94,1,1,1,1,1,0.51
01/12/2005,0,18,paramecium,2,95,1,1,1,1,1,0.51
01/12/2005,0,18,paramecium,3,96,1,1,1,1,1,0.51
02/12/2005,1,32,tetrahymena,1,1,0.4559,1,1,1,1,9
02/12/2005,1,32,tetrahymena,2,2,0.5531,1,1,1,1,14
02/12/2005,1,32,tetrahymena,3,3,0.4927,1,1,1,1,5
02/12/2005,1,32,loxocephallus,1,4,0.5438,1,1,1,1,0
02/12/2005,1,32,loxocephallus,2,5,0.3991,1,1,1,1,0
02/12/2005,1,32,loxocephallus,3,6,0.5027,1,1,1,1,0
02/12/2005,1,32,colpidium,1,7,0.4601,1,1,1,1,0
02/12/2005,1,32,colpidium,2,8,0.4902,1,1,1,1,0
02/12/2005,1,32,colpidium,3,9,0.4552,1,1,1,1,0
02/12/2005,1,32,paramecium,1,10,0.4737,1,1,1,1,3
02/12/2005,1,32,paramecium,2,11,0.4697,1,1,1,1,2
02/12/2005,1,32,paramecium,3,12,0.4301,1,1,1,1,1
02/12/2005,1,30,tetrahymena,1,13,0.4782,1,1,1,1,15
02/12/2005,1,30,tetrahymena,2,14,0.4805,1,1,1,1,11
02/12/2005,1,30,tetrahymena,3,15,0.4928,1,1,1,1,21
02/12/2005,1,30,loxocephallus,1,16,0.4551,1,1,1,1,1
02/12/2005,1,30,loxocephallus,2,17,0.4678,1,1,1,1,0
02/12/2005,1,30,loxocephallus,3,18,0.4347,1,1,1,1,0
02/12/2005,1,30,colpidium,1,19,0.4658,1,1,1,1,1
02/12/2005,1,30,colpidium,2,20,0.4631,1,1,1,1,0
02/12/2005,1,30,colpidium,3,21,0.534,1,1,1,1,0
02/12/2005,1,30,paramecium,1,22,0.4902,1,1,1,1,1
02/12/2005,1,30,paramecium,2,23,0.56,1,1,1,1,3
02/12/2005,1,30,paramecium,3,24,0.5831,1,1,1,1,0
02/12/2005,1,28,tetrahymena,1,25,0.4659,1,1,1,1,19
02/12/2005,1,28,tetrahymena,2,26,0.4881,1,1,1,1,15
02/12/2005,1,28,tetrahymena,3,27,0.5069,1,1,1,1,19
02/12/2005,1,28,loxocephallus,1,28,0.5783,1,1,1,1,4
02/12/2005,1,28,loxocephallus,2,29,0.5736,1,1,1,1,1
02/12/2005,1,28,loxocephallus,3,30,0.4899,1,1,1,1,1
02/12/2005,1,28,colpidium,1,31,0.4828,1,1,1,1,0
02/12/2005,1,28,colpidium,2,32,0.4605,1,1,1,1,3
02/12/2005,1,28,colpidium,3,33,0.6079,1,1,1,1,1
02/12/2005,1,28,paramecium,1,34,0.4257,1,1,1,1,2
02/12/2005,1,28,paramecium,2,35,0.5486,1,1,1,1,2
02/12/2005,1,28,paramecium,3,36,0.4394,1,1,1,1,5
02/12/2005,1,26,tetrahymena,1,37,0.5245,1,1,1,1,12
02/12/2005,1,26,tetrahymena,2,38,0.4913,1,1,1,1,14
02/12/2005,1,26,tetrahymena,3,39,0.5003,1,1,1,1,17
02/12/2005,1,26,loxocephallus,1,40,0.5121,1,1,1,1,0
02/12/2005,1,26,loxocephallus,2,41,0.5067,1,1,1,1,3
02/12/2005,1,26,loxocephallus,3,42,0.5528,1,1,1,1,0
02/12/2005,1,26,colpidium,1,43,0.5111,1,1,1,1,1
02/12/2005,1,26,colpidium,2,44,0.4733,1,1,1,1,1
02/12/2005,1,26,colpidium,3,45,0.4788,1,1,1,1,0
02/12/2005,1,26,paramecium,1,46,0.4977,1,1,1,1,0
02/12/2005,1,26,paramecium,2,47,0.4413,1,1,1,1,5
02/12/2005,1,26,paramecium,3,48,0.4772,1,1,1,1,0
02/12/2005,1,24,tetrahymena,1,49,0.4218,1,1,1,1,9
02/12/2005,1,24,tetrahymena,2,50,0.3887,1,1,1,1,11
02/12/2005,1,24,tetrahymena,3,51,0.4942,1,1,1,1,24
02/12/2005,1,24,loxocephallus,1,52,0.4927,1,1,1,1,0
02/12/2005,1,24,loxocephallus,2,53,0.4346,1,1,1,1,2
02/12/2005,1,24,loxocephallus,3,54,0.5142,1,1,1,1,2
02/12/2005,1,24,colpidium,1,55,0.4464,1,1,1,1,1
02/12/2005,1,24,colpidium,2,56,0.4248,1,1,1,1,1
02/12/2005,1,24,colpidium,3,57,0.5134,1,1,1,1,0
02/12/2005,1,24,paramecium,1,58,0.4875,1,1,1,1,2
02/12/2005,1,24,paramecium,2,59,0.5161,1,1,1,1,3
02/12/2005,1,24,paramecium,3,60,0.5595,1,1,1,1,1
02/12/2005,1,22,tetrahymena,1,61,0.4812,1,1,1,1,13
02/12/2005,1,22,tetrahymena,2,62,0.5536,1,1,1,1,12
02/12/2005,1,22,tetrahymena,3,63,0.4567,1,1,1,1,6
02/12/2005,1,22,loxocephallus,1,64,0.6507,1,1,1,1,1
02/12/2005,1,22,loxocephallus,2,65,0.4842,1,1,1,1,1
02/12/2005,1,22,loxocephallus,3,66,0.458,1,1,1,1,0
02/12/2005,1,22,colpidium,1,67,0.493,1,1,1,1,0
02/12/2005,1,22,colpidium,2,68,0.6093,1,1,1,1,3
02/12/2005,1,22,colpidium,3,69,0.5289,1,1,1,1,1
02/12/2005,1,22,paramecium,1,70,0.4845,1,1,1,1,0
02/12/2005,1,22,paramecium,2,71,0.4839,1,1,1,1,0
02/12/2005,1,22,paramecium,3,72,0.4127,1,1,1,1,1
02/12/2005,1,20,tetrahymena,1,73,0.489,1,1,1,1,0
02/12/2005,1,20,tetrahymena,2,74,0.4393,1,1,1,1,8
02/12/2005,1,20,tetrahymena,3,75,0.4684,1,1,1,1,4
02/12/2005,1,20,loxocephallus,1,76,0.6075,1,1,1,1,0
02/12/2005,1,20,loxocephallus,2,77,0.6361,1,1,1,1,0
02/12/2005,1,20,loxocephallus,3,78,0.4534,1,1,1,1,2
02/12/2005,1,20,colpidium,1,79,0.5631,1,1,1,1,2
02/12/2005,1,20,colpidium,2,80,0.4325,1,1,1,1,2
02/12/2005,1,20,colpidium,3,81,0.4967,1,1,1,1,3
02/12/2005,1,20,paramecium,1,82,0.5918,1,1,1,1,1
02/12/2005,1,20,paramecium,2,83,0.5113,1,1,1,1,0
02/12/2005,1,20,paramecium,3,84,0.4609,1,1,1,1,2
02/12/2005,1,18,tetrahymena,1,85,0.6436,1,1,1,1,2
02/12/2005,1,18,tetrahymena,2,86,0.6321,1,1,1,1,1
02/12/2005,1,18,tetrahymena,3,87,0.5206,1,1,1,1,3
02/12/2005,1,18,loxocephallus,1,88,0.5026,1,1,1,1,0
02/12/2005,1,18,loxocephallus,2,89,0.4928,1,1,1,1,2
02/12/2005,1,18,loxocephallus,3,90,0.4403,1,1,1,1,1
02/12/2005,1,18,colpidium,1,91,0.5468,1,1,1,1,1
02/12/2005,1,18,colpidium,2,92,0.4405,1,1,1,1,1
02/12/2005,1,18,colpidium,3,93,0.4971,1,1,1,1,2
02/12/2005,1,18,paramecium,1,94,0.4701,1,1,1,1,2
02/12/2005,1,18,paramecium,2,95,0.4197,1,1,1,1,0
02/12/2005,1,18,paramecium,3,96,0.4455,1,1,1,1,0
03/12/2005,2,32,tetrahymena,1,1,0.3956,1.6012,0.3646,1,1,106
03/12/2005,2,32,tetrahymena,2,2,0.4559,2.4466,0.3562,1,1,105
03/12/2005,2,32,tetrahymena,3,3,0.4583,2.6,0.2834,1,1,82
03/12/2005,2,32,loxocephallus,1,4,0.374,1,1,1,1,12
03/12/2005,2,32,loxocephallus,2,5,0.4662,1,1,1,1,8
03/12/2005,2,32,loxocephallus,3,6,0.5309,1,1,1,1,12
03/12/2005,2,32,colpidium,1,7,0.3876,1,1,1,1,0
03/12/2005,2,32,colpidium,2,8,0.4725,1,1,1,1,0
03/12/2005,2,32,colpidium,3,9,0.3935,1,1,1,1,0
03/12/2005,2,32,paramecium,1,10,0.438,1,1,1,1,158
03/12/2005,2,32,paramecium,2,11,0.3422,0.8164,0.254,1,1,29
03/12/2005,2,32,paramecium,3,12,0.3524,0.7329,0.4045,1,1,48
03/12/2005,2,30,tetrahymena,1,13,0.4457,3.816,0.3207,1,1,48
03/12/2005,2,30,tetrahymena,2,14,0.3769,2.3518,0.4603,0.507,0.3193,39
03/12/2005,2,30,tetrahymena,3,15,0.3578,3.1905,0.4276,1,1,42
03/12/2005,2,30,loxocephallus,1,16,0.5037,1,1,1,1,8
03/12/2005,2,30,loxocephallus,2,17,0.428,1,1,1,1,7
03/12/2005,2,30,loxocephallus,3,18,0.464,1,1,1,1,9
03/12/2005,2,30,colpidium,1,19,0.5742,1,1,1,1,0
03/12/2005,2,30,colpidium,2,20,0.5243,1,1,1,1,0
03/12/2005,2,30,colpidium,3,21,0.5227,1,1,1,1,0
03/12/2005,2,30,paramecium,1,22,0.533,0.809,0.3812,1,1,59
03/12/2005,2,30,paramecium,2,23,0.507,0.7242,0.3236,1,1,36
03/12/2005,2,30,paramecium,3,24,0.3715,1,1,1,1,122
03/12/2005,2,28,tetrahymena,1,25,0.3531,2.4324,0.3242,0.5872,0.3721,42
03/12/2005,2,28,tetrahymena,2,26,0.4551,4.124,0.3322,1,1,88
03/12/2005,2,28,tetrahymena,3,27,0.474,4.2855,0.3897,1,1,79
03/12/2005,2,28,loxocephallus,1,28,0.4838,1,1,1,1,14
03/12/2005,2,28,loxocephallus,2,29,0.35,1,1,1,1,19
03/12/2005,2,28,loxocephallus,3,30,0.3293,1,1,1,1,6
03/12/2005,2,28,colpidium,1,31,0.3257,1,1,1,1,0
03/12/2005,2,28,colpidium,2,32,0.4783,1,1,1,1,0
03/12/2005,2,28,colpidium,3,33,0.3396,1,1,1,1,0
03/12/2005,2,28,paramecium,1,34,0.4844,1,1,1,1,107
03/12/2005,2,28,paramecium,2,35,0.4582,1,1,1,1,92
03/12/2005,2,28,paramecium,3,36,0.4506,1,1,1,1,102
03/12/2005,2,26,tetrahymena,1,37,0.5015,2.2233,0.3409,1,1,109
03/12/2005,2,26,tetrahymena,2,38,0.3867,2.4664,0.3997,1,1,69
03/12/2005,2,26,tetrahymena,3,39,0.3533,2.5488,0.4084,1,1,66
03/12/2005,2,26,loxocephallus,1,40,0.5192,1,1,1,1,4
03/12/2005,2,26,loxocephallus,2,41,0.5426,1,1,1,1,11
03/12/2005,2,26,loxocephallus,3,42,0.5159,1,1,1,1,11
03/12/2005,2,26,colpidium,1,43,0.5394,1,1,1,1,0
03/12/2005,2,26,colpidium,2,44,0.4983,1,1,1,1,0
03/12/2005,2,26,colpidium,3,45,0.3677,1,1,1,1,3
03/12/2005,2,26,paramecium,1,46,0.3354,1,1,1,1,57
03/12/2005,2,26,paramecium,2,47,0.3108,1,1,1,1,47
03/12/2005,2,26,paramecium,3,48,0.4589,1,1,1,1,79
03/12/2005,2,24,tetrahymena,1,49,0.3438,2.901,0.311,1,1,62
03/12/2005,2,24,tetrahymena,2,50,0.3791,2.4902,0.3527,1,1,70
03/12/2005,2,24,tetrahymena,3,51,0.4325,3.4425,0.3292,1,1,64
03/12/2005,2,24,loxocephallus,1,52,0.4177,1,1,1,1,6
03/12/2005,2,24,loxocephallus,2,53,0.4585,1,1,1,1,4
03/12/2005,2,24,loxocephallus,3,54,0.4246,1,1,1,1,3
03/12/2005,2,24,colpidium,1,55,0.3694,1,1,1,1,3
03/12/2005,2,24,colpidium,2,56,0.4581,1,1,1,1,1
03/12/2005,2,24,colpidium,3,57,0.524,1,1,1,1,4
03/12/2005,2,24,paramecium,1,58,0.3483,1,1,1,1,16
03/12/2005,2,24,paramecium,2,59,0.3478,1,1,1,1,22
03/12/2005,2,24,paramecium,3,60,0.3829,1,1,1,1,19
03/12/2005,2,22,tetrahymena,1,61,0.4257,1.2542,0.3054,1,1,126
03/12/2005,2,22,tetrahymena,2,62,0.3269,2.6132,0.3396,1,1,50
03/12/2005,2,22,tetrahymena,3,63,0.322,1.164,0.2898,1,1,105
03/12/2005,2,22,loxocephallus,1,64,0.3128,1,1,1,1,0
03/12/2005,2,22,loxocephallus,2,65,0.4021,1,1,1,1,5
03/12/2005,2,22,loxocephallus,3,66,0.3441,1,1,1,1,1
03/12/2005,2,22,colpidium,1,67,0.5255,1,1,1,1,8
03/12/2005,2,22,colpidium,2,68,0.5157,1,1,1,1,4
03/12/2005,2,22,colpidium,3,69,0.5174,1,1,1,1,7
03/12/2005,2,22,paramecium,1,70,0.427,1,1,1,1,5
03/12/2005,2,22,paramecium,2,71,0.4196,1,1,1,1,9
03/12/2005,2,22,paramecium,3,72,0.3395,1,1,1,1,4
03/12/2005,2,20,tetrahymena,1,73,0.382,1,1,1,1,86
03/12/2005,2,20,tetrahymena,2,74,0.3886,1,1,1,1,95
03/12/2005,2,20,tetrahymena,3,75,0.4241,1,1,1,1,92
03/12/2005,2,20,loxocephallus,1,76,0.4446,1,1,1,1,0
03/12/2005,2,20,loxocephallus,2,77,0.377,1,1,1,1,0
03/12/2005,2,20,loxocephallus,3,78,0.3917,1,1,1,1,2
03/12/2005,2,20,colpidium,1,79,0.4026,1,1,1,1,2
03/12/2005,2,20,colpidium,2,80,0.4464,1,1,1,1,4
03/12/2005,2,20,colpidium,3,81,0.3825,1,1,1,1,4
03/12/2005,2,20,paramecium,1,82,0.3963,1,1,1,1,4
03/12/2005,2,20,paramecium,2,83,0.3748,1,1,1,1,3
03/12/2005,2,20,paramecium,3,84,0.3825,1,1,1,1,0
03/12/2005,2,18,tetrahymena,1,85,0.4526,1,1,1,1,45
03/12/2005,2,18,tetrahymena,2,86,0.4288,1,1,1,1,64
03/12/2005,2,18,tetrahymena,3,87,0.4008,1,1,1,1,38
03/12/2005,2,18,loxocephallus,1,88,0.4,1,1,1,1,1
03/12/2005,2,18,loxocephallus,2,89,0.3853,1,1,1,1,1
03/12/2005,2,18,loxocephallus,3,90,0.4048,1,1,1,1,1
03/12/2005,2,18,colpidium,1,91,0.4423,1,1,1,1,2
03/12/2005,2,18,colpidium,2,92,0.4563,1,1,1,1,4
03/12/2005,2,18,colpidium,3,93,0.407,1,1,1,1,2
03/12/2005,2,18,paramecium,1,94,0.3407,1,1,1,1,2
03/12/2005,2,18,paramecium,2,95,0.4063,1,1,1,1,0
03/12/2005,2,18,paramecium,3,96,0.3335,1,1,1,1,1
04/12/2005,3,32,tetrahymena,1,1,0.366,3.335,0.3605,0.6678,0.3225,49
04/12/2005,3,32,tetrahymena,2,2,0.5239,4.8144,0.3888,1,1,80
04/12/2005,3,32,tetrahymena,3,3,0.3445,4.4045,0.303,1,1,83
04/12/2005,3,32,loxocephallus,1,4,0.4808,1,1,1,1,196
04/12/2005,3,32,loxocephallus,2,5,0.4898,1.5214,0.3268,1,1,17
04/12/2005,3,32,loxocephallus,3,6,0.4675,1,1,1,1,130
04/12/2005,3,32,colpidium,1,7,0.4029,1,1,1,1,0
04/12/2005,3,32,colpidium,2,8,0.3151,1,1,1,1,0
04/12/2005,3,32,colpidium,3,9,0.3459,1,1,1,1,0
04/12/2005,3,32,paramecium,1,10,0.3966,1.6321,0.2963,1,1,29
04/12/2005,3,32,paramecium,2,11,0.3624,1.0223,0.3214,1,1,29
04/12/2005,3,32,paramecium,3,12,0.3427,0.8586,0.341,1,1,47
04/12/2005,3,30,tetrahymena,1,13,0.3674,3.4177,0.3859,1,1,147
04/12/2005,3,30,tetrahymena,2,14,0.3218,4.0014,0.3364,1,1,51
04/12/2005,3,30,tetrahymena,3,15,0.3302,3.9455,0.3317,1,1,73
04/12/2005,3,30,loxocephallus,1,16,0.2597,1,1,1,1,58
04/12/2005,3,30,loxocephallus,2,17,0.3073,1,1,1,1,82
04/12/2005,3,30,loxocephallus,3,18,0.3196,1,1,1,1,71
04/12/2005,3,30,colpidium,1,19,0.32,1,1,1,1,0
04/12/2005,3,30,colpidium,2,20,0.3051,1,1,1,1,0
04/12/2005,3,30,colpidium,3,21,0.2836,1,1,1,1,0
04/12/2005,3,30,paramecium,1,22,0.2905,0.9987,0.2869,1,1,23
04/12/2005,3,30,paramecium,2,23,0.3131,0.9846,0.3625,1,1,33
04/12/2005,3,30,paramecium,3,24,0.3539,1.6394,0.4017,1,1,35
04/12/2005,3,28,tetrahymena,1,25,0.3443,4.4677,0.2892,1,1,106
04/12/2005,3,28,tetrahymena,2,26,0.3656,4.0928,0.2644,1,1,17
04/12/2005,3,28,tetrahymena,3,27,0.3777,3.2776,0.3505,1,1,81
04/12/2005,3,28,loxocephallus,1,28,0.3553,1,1,1,1,48
04/12/2005,3,28,loxocephallus,2,29,0.4059,1,1,1,1,73
04/12/2005,3,28,loxocephallus,3,30,0.4411,1,1,1,1,63
04/12/2005,3,28,colpidium,1,31,0.3839,1,1,1,1,0
04/12/2005,3,28,colpidium,2,32,0.3848,1,1,1,1,0
04/12/2005,3,28,colpidium,3,33,0.409,1,1,1,1,0
04/12/2005,3,28,paramecium,1,34,0.36,0.7671,0.3048,1,1,40
04/12/2005,3,28,paramecium,2,35,0.3363,0.9204,0.355,1,1,30
04/12/2005,3,28,paramecium,3,36,0.3065,0.8705,0.3557,1,1,55
04/12/2005,3,26,tetrahymena,1,37,0.3605,1.7814,0.3916,1,1,66
04/12/2005,3,26,tetrahymena,2,38,0.3378,1.3836,0.3532,1,1,62
04/12/2005,3,26,tetrahymena,3,39,0.3239,1.666,0.3333,1,1,80
04/12/2005,3,26,loxocephallus,1,40,0.3584,1,1,1,1,21
04/12/2005,3,26,loxocephallus,2,41,0.3684,1,1,1,1,39
04/12/2005,3,26,loxocephallus,3,42,0.3783,1,1,1,1,29
04/12/2005,3,26,colpidium,1,43,0.4571,1,1,1,1,2
04/12/2005,3,26,colpidium,2,44,0.4564,1,1,1,1,0
04/12/2005,3,26,colpidium,3,45,0.5734,1,1,1,1,1
04/12/2005,3,26,paramecium,1,46,0.4038,0.8467,0.374,1,1,32
04/12/2005,3,26,paramecium,2,47,0.3608,0.6324,0.3578,1,1,48
04/12/2005,3,26,paramecium,3,48,0.4099,0.9684,0.3341,1,1,22
04/12/2005,3,24,tetrahymena,1,49,0.342,2.1997,0.3448,1,1,86
04/12/2005,3,24,tetrahymena,2,50,0.3938,2.756,0.3817,1,1,73
04/12/2005,3,24,tetrahymena,3,51,0.3597,2.1582,0.3613,1,1,59
04/12/2005,3,24,loxocephallus,1,52,0.4923,1,1,1,1,20
04/12/2005,3,24,loxocephallus,2,53,0.5359,1,1,1,1,21
04/12/2005,3,24,loxocephallus,3,54,0.5577,1,1,1,1,14
04/12/2005,3,24,colpidium,1,55,0.3289,1,1,1,1,3
04/12/2005,3,24,colpidium,2,56,0.3585,1,1,1,1,2
04/12/2005,3,24,colpidium,3,57,0.575,1,1,1,1,10
04/12/2005,3,24,paramecium,1,58,0.4285,0.7453,0.3617,1,1,46
04/12/2005,3,24,paramecium,2,59,0.3061,0.8537,0.2794,1,1,26
04/12/2005,3,24,paramecium,3,60,0.3248,1,1,1,1,98
04/12/2005,3,22,tetrahymena,1,61,0.3841,1.428,0.3752,1.8167,0.3742,56
04/12/2005,3,22,tetrahymena,2,62,0.3777,2.4638,0.3453,1,1,109
04/12/2005,3,22,tetrahymena,3,63,0.3554,3.4662,0.353,1,1,131
04/12/2005,3,22,loxocephallus,1,64,0.394,1,1,1,1,5
04/12/2005,3,22,loxocephallus,2,65,0.3387,1,1,1,1,6
04/12/2005,3,22,loxocephallus,3,66,0.3467,1,1,1,1,11
04/12/2005,3,22,colpidium,1,67,0.3381,1,1,1,1,20
04/12/2005,3,22,colpidium,2,68,0.5086,1,1,1,1,10
04/12/2005,3,22,colpidium,3,69,0.4261,1,1,1,1,17
04/12/2005,3,22,paramecium,1,70,0.3267,1,1,1,1,42
04/12/2005,3,22,paramecium,2,71,0.3911,1,1,1,1,49
04/12/2005,3,22,paramecium,3,72,0.3633,1,1,1,1,63
04/12/2005,3,20,tetrahymena,1,73,0.3312,1.7584,0.3657,1,1,86
04/12/2005,3,20,tetrahymena,2,74,0.3177,2.0381,0.3615,1,1,65
04/12/2005,3,20,tetrahymena,3,75,0.3561,2.3434,0.373,1,1,60
04/12/2005,3,20,loxocephallus,1,76,0.3245,1,1,1,1,3
04/12/2005,3,20,loxocephallus,2,77,0.3646,1,1,1,1,4
04/12/2005,3,20,loxocephallus,3,78,0.3818,1,1,1,1,1
04/12/2005,3,20,colpidium,1,79,0.3387,1,1,1,1,4
04/12/2005,3,20,colpidium,2,80,0.3948,1,1,1,1,12
04/12/2005,3,20,colpidium,3,81,0.3428,1,1,1,1,10
04/12/2005,3,20,paramecium,1,82,0.3295,1,1,1,1,12
04/12/2005,3,20,paramecium,2,83,0.3332,1,1,1,1,12
04/12/2005,3,20,paramecium,3,84,0.3675,1,1,1,1,10
04/12/2005,3,18,tetrahymena,1,85,0.3912,2.5026,0.3444,1,1,52
04/12/2005,3,18,tetrahymena,2,86,0.3232,2.089,0.3904,1,1,83
04/12/2005,3,18,tetrahymena,3,87,0.3958,1.6193,0.3746,1,1,83
04/12/2005,3,18,loxocephallus,1,88,0.4637,1,1,1,1,6
04/12/2005,3,18,loxocephallus,2,89,0.4261,1,1,1,1,3
04/12/2005,3,18,loxocephallus,3,90,0.3723,1,1,1,1,2
04/12/2005,3,18,colpidium,1,91,0.3696,1,1,1,1,5
04/12/2005,3,18,colpidium,2,92,0.5131,1,1,1,1,16
04/12/2005,3,18,colpidium,3,93,0.4301,1,1,1,1,7
04/12/2005,3,18,paramecium,1,94,0.4196,1,1,1,1,5
04/12/2005,3,18,paramecium,2,95,0.3622,1,1,1,1,4
04/12/2005,3,18,paramecium,3,96,0.4592,1,1,1,1,5
05/12/2005,4,32,tetrahymena,1,1,0.289,3.456,0.3556,1,1,79
05/12/2005,4,32,tetrahymena,2,2,0.481,3.5783,0.3554,1.1898,0.3212,31
05/12/2005,4,32,tetrahymena,3,3,0.339,3.9846,0.3221,1,1,93
05/12/2005,4,32,loxocephallus,1,4,0.5294,2.6854,0.2914,0.8989,0.2211,22
05/12/2005,4,32,loxocephallus,2,5,0.3514,3.1961,0.4118,1,1,56
05/12/2005,4,32,loxocephallus,3,6,0.3281,2.8887,0.3164,1,1,52
05/12/2005,4,32,colpidium,1,7,0.3567,1,1,1,1,0
05/12/2005,4,32,colpidium,2,8,0.6687,1,1,1,1,0
05/12/2005,4,32,colpidium,3,9,0.3195,1,1,1,1,0
05/12/2005,4,32,paramecium,1,10,0.356,1.1417,0.3143,1,1,27
05/12/2005,4,32,paramecium,2,11,0.4053,1.7388,0.3562,1,1,31
05/12/2005,4,32,paramecium,3,12,0.3282,1.6165,0.3393,1,1,28
05/12/2005,4,30,tetrahymena,1,13,0.3578,3.9091,0.4036,1.3762,0.3036,25
05/12/2005,4,30,tetrahymena,2,14,0.5128,3.4067,0.2957,1.1421,0.3071,41
05/12/2005,4,30,tetrahymena,3,15,0.3368,4.0466,0.2878,1,1,58
05/12/2005,4,30,loxocephallus,1,16,0.5357,3.0217,0.2446,1,1,72
05/12/2005,4,30,loxocephallus,2,17,0.3385,2.653,0.3786,1,1,89
05/12/2005,4,30,loxocephallus,3,18,0.4854,2.2755,0.3064,1,1,106
05/12/2005,4,30,colpidium,1,19,0.338,1,1,1,1,0
05/12/2005,4,30,colpidium,2,20,0.4305,1,1,1,1,0
05/12/2005,4,30,colpidium,3,21,0.4563,1,1,1,1,0
05/12/2005,4,30,paramecium,1,22,0.5246,1.4523,0.3522,1,1,16
05/12/2005,4,30,paramecium,2,23,0.4672,1.1661,0.3411,1,1,14
05/12/2005,4,30,paramecium,3,24,0.5223,1.6706,0.3018,1,1,15
05/12/2005,4,28,tetrahymena,1,25,0.489,4.0381,0.2267,1,1,67
05/12/2005,4,28,tetrahymena,2,26,0.3576,3.3607,0.2934,1,1,70
05/12/2005,4,28,tetrahymena,3,27,0.5232,4.7811,0.3644,1,1,71
05/12/2005,4,28,loxocephallus,1,28,0.4806,1.7677,0.3388,1,1,70
05/12/2005,4,28,loxocephallus,2,29,0.303,1.8333,0.327,1,1,39
05/12/2005,4,28,loxocephallus,3,30,0.3401,1.5654,0.4354,1,1,80
05/12/2005,4,28,colpidium,1,31,0.5079,1,1,1,1,0
05/12/2005,4,28,colpidium,2,32,0.3093,1,1,1,1,0
05/12/2005,4,28,colpidium,3,33,0.4681,1,1,1,1,0
05/12/2005,4,28,paramecium,1,34,0.5889,1.4792,0.215,1,1,15
05/12/2005,4,28,paramecium,2,35,0.4208,1.671,0.2762,1,1,35
05/12/2005,4,28,paramecium,3,36,0.3814,1.8794,0.375,1,1,8
05/12/2005,4,26,tetrahymena,1,37,0.4069,4.2875,0.3787,1,1,79
05/12/2005,4,26,tetrahymena,2,38,0.3927,3.321,0.3547,1,1,55
05/12/2005,4,26,tetrahymena,3,39,0.5512,4.5947,0.3206,1,1,77
05/12/2005,4,26,loxocephallus,1,40,0.5543,1.2686,0.3812,1,1,42
05/12/2005,4,26,loxocephallus,2,41,0.507,1.17,0.2961,1,1,41
05/12/2005,4,26,loxocephallus,3,42,0.57,1.5487,0.3392,1,1,51
05/12/2005,4,26,colpidium,1,43,0.4443,1,1,1,1,0
05/12/2005,4,26,colpidium,2,44,0.4981,1,1,1,1,0
05/12/2005,4,26,colpidium,3,45,0.3522,1,1,1,1,0
05/12/2005,4,26,paramecium,1,46,0.365,0.744,0.4382,1,1,42
05/12/2005,4,26,paramecium,2,47,0.5463,1.3706,0.2518,1,1,23
05/12/2005,4,26,paramecium,3,48,0.3328,0.764,0.314,1,1,19
05/12/2005,4,24,tetrahymena,1,49,0.3745,2.6261,0.5071,1,1,109
05/12/2005,4,24,tetrahymena,2,50,0.3838,2.912,0.3606,1,1,57
05/12/2005,4,24,tetrahymena,3,51,0.3688,3.3679,0.5139,1,1,43
05/12/2005,4,24,loxocephallus,1,52,0.2839,1,1,1,1,48
05/12/2005,4,24,loxocephallus,2,53,0.3106,1,1,1,1,86
05/12/2005,4,24,loxocephallus,3,54,0.4479,1,1,1,1,81
05/12/2005,4,24,colpidium,1,55,0.326,1,1,1,1,4
05/12/2005,4,24,colpidium,2,56,0.3671,1,1,1,1,2
05/12/2005,4,24,colpidium,3,57,0.3814,1,1,1,1,1
05/12/2005,4,24,paramecium,1,58,0.5262,2.1752,0.32,1,1,18
05/12/2005,4,24,paramecium,2,59,0.3813,0.9421,0.2874,1,1,47
05/12/2005,4,24,paramecium,3,60,0.3328,0.8464,0.3374,1,1,27
05/12/2005,4,22,tetrahymena,1,61,0.3387,2.3814,0.31,1,1,60
05/12/2005,4,22,tetrahymena,2,62,0.3006,2.6645,0.3149,0.7238,0.3302,14
05/12/2005,4,22,tetrahymena,3,63,0.3223,2.79,0.3277,1,1,61
05/12/2005,4,22,loxocephallus,1,64,0.3467,1,1,1,1,15
05/12/2005,4,22,loxocephallus,2,65,0.3182,1,1,1,1,32
05/12/2005,4,22,loxocephallus,3,66,0.2671,1,1,1,1,36
05/12/2005,4,22,colpidium,1,67,0.4138,1,1,1,1,63
05/12/2005,4,22,colpidium,2,68,0.3154,1,1,1,1,13
05/12/2005,4,22,colpidium,3,69,0.3022,1,1,1,1,28
05/12/2005,4,22,paramecium,1,70,0.3646,0.6263,0.3057,1,1,39
05/12/2005,4,22,paramecium,2,71,0.2711,1,1,1,1,103
05/12/2005,4,22,paramecium,3,72,0.3647,1,1,1,1,127
05/12/2005,4,20,tetrahymena,1,73,0.3211,3.4303,0.3049,1,1,47
05/12/2005,4,20,tetrahymena,2,74,0.5419,2.6363,0.296,1,1,82
05/12/2005,4,20,tetrahymena,3,75,0.4739,2.7441,0.3325,1,1,96
05/12/2005,4,20,loxocephallus,1,76,0.3296,1,1,1,1,9
05/12/2005,4,20,loxocephallus,2,77,0.3382,1,1,1,1,9
05/12/2005,4,20,loxocephallus,3,78,0.2841,1,1,1,1,5
05/12/2005,4,20,colpidium,1,79,0.3462,1,1,1,1,34
05/12/2005,4,20,colpidium,2,80,0.3632,1,1,1,1,15
05/12/2005,4,20,colpidium,3,81,0.3107,1,1,1,1,16
05/12/2005,4,20,paramecium,1,82,0.3007,1,1,1,1,69
05/12/2005,4,20,paramecium,2,83,0.2894,1,1,1,1,55
05/12/2005,4,20,paramecium,3,84,0.361,1,1,1,1,55
05/12/2005,4,18,tetrahymena,1,85,0.3071,1.9874,0.308,1,1,79
05/12/2005,4,18,tetrahymena,2,86,0.3345,2.1259,0.2825,1,1,103
05/12/2005,4,18,tetrahymena,3,87,0.3453,2.3454,0.3242,1,1,70
05/12/2005,4,18,loxocephallus,1,88,0.3393,1,1,1,1,10
05/12/2005,4,18,loxocephallus,2,89,0.3939,1,1,1,1,1
05/12/2005,4,18,loxocephallus,3,90,0.3407,1,1,1,1,4
05/12/2005,4,18,colpidium,1,91,0.338,1,1,1,1,23
05/12/2005,4,18,colpidium,2,92,0.3142,1,1,1,1,20
05/12/2005,4,18,colpidium,3,93,0.3753,1,1,1,1,26
05/12/2005,4,18,paramecium,1,94,0.3128,1,1,1,1,12
05/12/2005,4,18,paramecium,2,95,0.3002,1,1,1,1,15
05/12/2005,4,18,paramecium,3,96,0.2944,1,1,1,1,14
06/12/2005,5,32,tetrahymena,1,1,0.2834,2.7469,0.2829,0.6708,0.3291,56
06/12/2005,5,32,tetrahymena,2,2,0.2998,2.4596,0.3211,1,1,103
06/12/2005,5,32,tetrahymena,3,3,0.3221,3.1805,0.3276,1,1,79
06/12/2005,5,32,loxocephallus,1,4,0.2849,2.0501,0.3124,1,1,102
06/12/2005,5,32,loxocephallus,2,5,0.3591,2.5784,0.2901,1,1,102
06/12/2005,5,32,loxocephallus,3,6,0.3676,2.255,0.3378,0.5149,0.3575,56
06/12/2005,5,32,colpidium,1,7,0.3081,1,1,1,1,0
06/12/2005,5,32,colpidium,2,8,0.2752,1,1,1,1,0
06/12/2005,5,32,colpidium,3,9,0.3159,1,1,1,1,0
06/12/2005,5,32,paramecium,1,10,0.2917,0.9064,0.2829,1,1,36
06/12/2005,5,32,paramecium,2,11,0.3395,0.6922,0.2988,1,1,47
06/12/2005,5,32,paramecium,3,12,0.2883,0.9328,0.331,1,1,23
06/12/2005,5,30,tetrahymena,1,13,0.2848,1.4401,0.3047,2.4496,0.3299,24
06/12/2005,5,30,tetrahymena,2,14,0.3386,3.503,0.3399,1,1,72
06/12/2005,5,30,tetrahymena,3,15,0.2844,3.9033,0.3264,1,1,90
06/12/2005,5,30,loxocephallus,1,16,0.3461,1.9308,0.3036,0.659,0.2925,38
06/12/2005,5,30,loxocephallus,2,17,0.3336,2.6395,0.3741,1,1,128
06/12/2005,5,30,loxocephallus,3,18,0.2764,3.3195,0.3271,1,1,80
06/12/2005,5,30,colpidium,1,19,0.3327,1,1,1,1,0
06/12/2005,5,30,colpidium,2,20,0.3711,1,1,1,1,0
06/12/2005,5,30,colpidium,3,21,0.2976,1,1,1,1,0
06/12/2005,5,30,paramecium,1,22,0.3444,0.8529,0.3459,1,1,38
06/12/2005,5,30,paramecium,2,23,0.3385,1.5918,0.2925,1,1,12
06/12/2005,5,30,paramecium,3,24,0.3878,1.7325,0.3181,1,1,12
06/12/2005,5,28,tetrahymena,1,25,0.313,3.3274,0.3327,0.8294,0.3328,54
06/12/2005,5,28,tetrahymena,2,26,0.3292,3.9522,0.335,0.8497,0.3158,49
06/12/2005,5,28,tetrahymena,3,27,0.2789,2.9131,0.3791,1.2121,0.3379,45
06/12/2005,5,28,loxocephallus,1,28,0.3775,2.0059,0.3676,0.8495,0.372,69
06/12/2005,5,28,loxocephallus,2,29,0.3805,2.7734,0.4582,1,1,118
06/12/2005,5,28,loxocephallus,3,30,0.3597,3.6486,0.3611,1,1,50
06/12/2005,5,28,colpidium,1,31,0.3702,1,1,1,1,0
06/12/2005,5,28,colpidium,2,32,0.3662,1,1,1,1,0
06/12/2005,5,28,colpidium,3,33,0.3437,1,1,1,1,0
06/12/2005,5,28,paramecium,1,34,0.3274,0.7958,0.3609,1,1,36
06/12/2005,5,28,paramecium,2,35,0.3151,1.3783,0.3403,1,1,30
06/12/2005,5,28,paramecium,3,36,0.3476,1.0098,0.3076,1,1,40
06/12/2005,5,26,tetrahymena,1,37,0.4091,3.2578,0.2954,2.1703,0.3444,16
06/12/2005,5,26,tetrahymena,2,38,0.3267,3.6596,0.307,1,1,76
06/12/2005,5,26,tetrahymena,3,39,0.2736,3.7291,0.3645,1,1,85
06/12/2005,5,26,loxocephallus,1,40,0.3993,2.3539,0.3403,1,1,68
06/12/2005,5,26,loxocephallus,2,41,0.3475,2.4548,0.3222,1,1,49
06/12/2005,5,26,loxocephallus,3,42,0.3065,2.6176,0.3217,1,1,52
06/12/2005,5,26,colpidium,1,43,0.2657,1,1,1,1,0
06/12/2005,5,26,colpidium,2,44,0.275,1,1,1,1,0
06/12/2005,5,26,colpidium,3,45,0.3142,1,1,1,1,0
06/12/2005,5,26,paramecium,1,46,0.2994,1.008,0.3029,1,1,12
06/12/2005,5,26,paramecium,2,47,0.3169,0.778,0.3048,1,1,13
06/12/2005,5,26,paramecium,3,48,0.3868,1.7137,0.3196,1,1,27
06/12/2005,5,24,tetrahymena,1,49,0.3035,4.3583,0.2925,1,1,32
06/12/2005,5,24,tetrahymena,2,50,0.2883,3.4015,0.2914,1,1,67
06/12/2005,5,24,tetrahymena,3,51,0.3897,3.3631,0.3575,1,1,46
06/12/2005,5,24,loxocephallus,1,52,0.284,1.064,0.3012,1,1,36
06/12/2005,5,24,loxocephallus,2,53,0.3752,2.4305,0.3838,1,1,46
06/12/2005,5,24,loxocephallus,3,54,0.3919,1.5133,0.3136,1,1,40
06/12/2005,5,24,colpidium,1,55,0.3133,1,1,1,1,1
06/12/2005,5,24,colpidium,2,56,0.3576,1,1,1,1,0
06/12/2005,5,24,colpidium,3,57,0.3088,1,1,1,1,2
06/12/2005,5,24,paramecium,1,58,0.3425,1.6446,0.3592,1,1,16
06/12/2005,5,24,paramecium,2,59,0.3396,0.7526,0.367,1,1,35
06/12/2005,5,24,paramecium,3,60,0.2825,0.6514,0.2904,1,1,26
06/12/2005,5,22,tetrahymena,1,61,0.3818,2.779,0.3102,1,1,102
06/12/2005,5,22,tetrahymena,2,62,0.3444,3.2614,0.3402,1,1,39
06/12/2005,5,22,tetrahymena,3,63,0.3607,3.3443,0.3057,1.055,0.3264,14
06/12/2005,5,22,loxocephallus,1,64,0.3372,1,1,1,1,57
06/12/2005,5,22,loxocephallus,2,65,0.3553,1,1,1,1,107
06/12/2005,5,22,loxocephallus,3,66,0.3461,0.8415,0.3102,1,1,30
06/12/2005,5,22,colpidium,1,67,0.3111,0.5544,0.3043,1,1,44
06/12/2005,5,22,colpidium,2,68,0.3378,1,1,1,1,13
06/12/2005,5,22,colpidium,3,69,0.3328,1,1,1,1,48
06/12/2005,5,22,paramecium,1,70,0.4089,0.8757,0.3756,1,1,17
06/12/2005,5,22,paramecium,2,71,0.3139,1.8073,0.3077,1,1,22
06/12/2005,5,22,paramecium,3,72,0.2904,0.9119,0.4071,1,1,28
06/12/2005,5,20,tetrahymena,1,73,0.3414,3.1346,0.3134,1,1,82
06/12/2005,5,20,tetrahymena,2,74,0.3041,3.5205,0.3566,1,1,68
06/12/2005,5,20,tetrahymena,3,75,0.292,3.8583,0.2635,1,1,48
06/12/2005,5,20,loxocephallus,1,76,0.2861,1,1,1,1,16
06/12/2005,5,20,loxocephallus,2,77,0.3016,1,1,1,1,15
06/12/2005,5,20,loxocephallus,3,78,0.309,1,1,1,1,20
06/12/2005,5,20,colpidium,1,79,0.2918,1,1,1,1,80
06/12/2005,5,20,colpidium,2,80,0.2863,1,1,1,1,42
06/12/2005,5,20,colpidium,3,81,0.2904,1,1,1,1,38
06/12/2005,5,20,paramecium,1,82,0.3164,1.0741,0.2828,1,1,19
06/12/2005,5,20,paramecium,2,83,0.328,1.7094,0.3157,1,1,15
06/12/2005,5,20,paramecium,3,84,0.3005,1.1139,0.361,1,1,39
06/12/2005,5,18,tetrahymena,1,85,0.2533,4.1776,0.334,1,1,42
06/12/2005,5,18,tetrahymena,2,86,0.2833,4.4677,0.3206,1,1,76
06/12/2005,5,18,tetrahymena,3,87,0.3406,3.8509,0.3409,1,1,83
06/12/2005,5,18,loxocephallus,1,88,0.3474,1,1,1,1,24
06/12/2005,5,18,loxocephallus,2,89,0.3367,1,1,1,1,8
06/12/2005,5,18,loxocephallus,3,90,0.3158,1,1,1,1,8
06/12/2005,5,18,colpidium,1,91,0.3254,1,1,1,1,72
06/12/2005,5,18,colpidium,2,92,0.3378,1,1,1,1,67
06/12/2005,5,18,colpidium,3,93,0.3482,1,1,1,1,62
06/12/2005,5,18,paramecium,1,94,0.2986,1,1,1,1,47
06/12/2005,5,18,paramecium,2,95,0.3497,1,1,1,1,59
06/12/2005,5,18,paramecium,3,96,0.3246,1,1,1,1,34
07/12/2005,6,32,loxocephallus,1,4,0.3445,2.6727,0.3495,0.9096,0.3643,43
07/12/2005,6,32,loxocephallus,2,5,0.393,3.1978,0.3487,0.8286,0.3684,52
07/12/2005,6,32,loxocephallus,3,6,0.3345,4.0582,0.379,0.8339,0.3339,31
07/12/2005,6,32,colpidium,1,7,0.317,1,1,1,1,0
07/12/2005,6,32,colpidium,2,8,0.3742,1,1,1,1,0
07/12/2005,6,32,colpidium,3,9,0.3911,1,1,1,1,0
07/12/2005,6,30,tetrahymena,1,13,0.3306,5.2065,0.3928,1.8497,0.3381,20
07/12/2005,6,30,tetrahymena,2,14,0.3672,6.0256,0.3672,1.6004,0.3746,35
07/12/2005,6,30,tetrahymena,3,15,0.3468,6.0937,0.3704,1,1,80
07/12/2005,6,30,loxocephallus,1,16,0.3473,4.6356,0.3438,1,1,78
07/12/2005,6,30,loxocephallus,2,17,0.3617,5.3763,0.3714,1,1,68
07/12/2005,6,30,loxocephallus,3,18,0.3313,6.1957,0.3187,1,1,66
07/12/2005,6,30,colpidium,1,19,0.3111,1,1,1,1,0
07/12/2005,6,30,colpidium,2,20,0.363,1,1,1,1,0
07/12/2005,6,30,colpidium,3,21,0.3175,1,1,1,1,0
07/12/2005,6,28,loxocephallus,1,28,0.349,3.8153,0.3239,1.0439,0.3224,21
07/12/2005,6,28,loxocephallus,2,29,0.3071,3.8497,0.3905,1.5947,0.3753,20
07/12/2005,6,28,loxocephallus,3,30,0.3336,4.2624,0.3611,1,1,65
07/12/2005,6,28,colpidium,1,31,0.3518,1,1,1,1,0
07/12/2005,6,28,colpidium,2,32,0.3146,1,1,1,1,0
07/12/2005,6,28,colpidium,3,33,0.3603,1,1,1,1,0
07/12/2005,6,26,loxocephallus,1,40,0.3727,2.7811,0.3572,1,1,75
07/12/2005,6,26,loxocephallus,2,41,0.3327,3.8019,0.3802,1,1,65
07/12/2005,6,26,loxocephallus,3,42,0.337,4.2621,0.3053,1,1,38
07/12/2005,6,26,colpidium,1,43,0.3716,1,1,1,1,0
07/12/2005,6,26,colpidium,2,44,0.3567,1,1,1,1,0
07/12/2005,6,26,colpidium,3,45,0.3354,1,1,1,1,1
07/12/2005,6,24,loxocephallus,1,52,0.3237,3.0715,0.325,1,1,73
07/12/2005,6,24,loxocephallus,2,53,0.398,3.6316,0.3569,1,1,39
07/12/2005,6,24,loxocephallus,3,54,0.3413,4.2519,0.3409,1,1,26
07/12/2005,6,24,colpidium,1,55,0.3381,1,1,1,1,4
07/12/2005,6,24,colpidium,2,56,0.3556,1,1,1,1,0
07/12/2005,6,24,colpidium,3,57,0.3518,1,1,1,1,1
07/12/2005,6,24,paramecium,1,58,0.4445,1.9237,0.3283,1,1,17
07/12/2005,6,24,paramecium,2,59,0.3551,1.0269,0.3242,1,1,14
07/12/2005,6,24,paramecium,3,60,0.3051,1.8018,0.3113,1,1,12
07/12/2005,6,22,loxocephallus,1,64,0.3511,2.151,0.3906,1,1,15
07/12/2005,6,22,loxocephallus,2,65,0.3532,1.7767,0.3666,1,1,24
07/12/2005,6,22,loxocephallus,3,66,0.3647,1.6216,0.3267,1,1,25
07/12/2005,6,22,colpidium,1,67,0.3494,1.6425,0.359,1,1,37
07/12/2005,6,22,colpidium,2,68,0.3885,1,1,1,1,9
07/12/2005,6,22,colpidium,3,69,0.348,1,1,1,1,40
07/12/2005,6,22,paramecium,1,70,0.3138,1.0698,0.3838,1,1,19
07/12/2005,6,22,paramecium,2,71,0.3113,1.9568,0.2866,1,1,7
07/12/2005,6,22,paramecium,3,72,0.3138,0.9052,0.3923,1,1,24
07/12/2005,6,20,tetrahymena,1,73,0.3398,4.1865,0.3355,1,1,85
07/12/2005,6,20,tetrahymena,2,74,0.323,4.3005,0.3288,1,1,53
07/12/2005,6,20,tetrahymena,3,75,0.3127,4.3629,0.3695,1,1,82
07/12/2005,6,20,loxocephallus,1,76,0.328,1,1,1,1,45
07/12/2005,6,20,loxocephallus,2,77,0.3223,1,1,1,1,46
07/12/2005,6,20,loxocephallus,3,78,0.3588,1,1,1,1,81
07/12/2005,6,20,colpidium,1,79,0.3315,1.7775,0.3271,1,1,26
07/12/2005,6,20,colpidium,2,80,0.3611,0.733,0.3063,1,1,15
07/12/2005,6,20,colpidium,3,81,0.2806,1,1,1,1,68
07/12/2005,6,20,paramecium,1,82,0.3006,1.0688,0.3304,1,1,27
07/12/2005,6,20,paramecium,2,83,0.3013,1.0809,0.297,1,1,31
07/12/2005,6,20,paramecium,3,84,0.2693,0.9778,0.359,1,1,35
07/12/2005,6,18,tetrahymena,1,85,0.3065,3.7189,0.3215,0.8868,0.2914,33
07/12/2005,6,18,tetrahymena,2,86,0.3476,4.4504,0.3118,1,1,72
07/12/2005,6,18,tetrahymena,3,87,0.3238,4.3934,0.2892,1,1,67
07/12/2005,6,18,loxocephallus,1,88,0.4982,1,1,1,1,72
07/12/2005,6,18,loxocephallus,2,89,0.3653,1,1,1,1,28
07/12/2005,6,18,loxocephallus,3,90,0.2864,1,1,1,1,11
07/12/2005,6,18,colpidium,1,91,0.2974,1,1,1,1,97
07/12/2005,6,18,colpidium,2,92,0.3505,0.8618,0.326,1,1,36
07/12/2005,6,18,colpidium,3,93,0.2892,0.7573,0.371,1,1,41
07/12/2005,6,18,paramecium,1,94,0.4381,1.8146,0.3086,1,1,24
07/12/2005,6,18,paramecium,2,95,0.3484,1,1,1,1,85
07/12/2005,6,18,paramecium,3,96,0.2808,1,1,1,1,66
08/12/2005,7,32,tetrahymena,1,1,0.3344,4.1757,0.3324,1,1,129
08/12/2005,7,32,tetrahymena,2,2,0.3032,5.2155,0.3196,1,1,89
08/12/2005,7,32,tetrahymena,3,3,0.3113,5.7108,0.3523,1,1,59
08/12/2005,7,32,loxocephallus,1,4,0.3451,4.954,0.3793,1,1,76
08/12/2005,7,32,loxocephallus,2,5,0.3441,4.8482,0.3365,1,1,69
08/12/2005,7,32,loxocephallus,3,6,0.3162,4.412,0.3973,1,1,91
08/12/2005,7,32,colpidium,1,7,0.3629,1,1,1,1,0
08/12/2005,7,32,colpidium,2,8,0.3687,1,1,1,1,0
08/12/2005,7,32,colpidium,3,9,0.3342,1,1,1,1,0
08/12/2005,7,32,paramecium,1,10,0.3943,2.1242,0.3325,1,1,39
08/12/2005,7,32,paramecium,2,11,0.3401,1.6583,0.3614,1,1,34
08/12/2005,7,32,paramecium,3,12,0.3269,2.0153,0.3471,1,1,30
08/12/2005,7,30,tetrahymena,1,13,0.378,4.282,0.3698,1.3832,0.381,54
08/12/2005,7,30,tetrahymena,2,14,0.378,5.0247,0.3528,2.8507,0.3503,20
08/12/2005,7,30,tetrahymena,3,15,0.3949,5.8018,0.4113,1.4276,0.3876,38
08/12/2005,7,30,loxocephallus,1,16,0.3969,3.3469,0.3791,0.8944,0.4064,32
08/12/2005,7,30,loxocephallus,2,17,0.3724,5.4451,0.3583,1,1,71
08/12/2005,7,30,loxocephallus,3,18,0.364,5.8679,0.3621,1,1,77
08/12/2005,7,30,colpidium,1,19,0.308,1,1,1,1,0
08/12/2005,7,30,colpidium,2,20,0.2946,1,1,1,1,0
08/12/2005,7,30,colpidium,3,21,0.2896,1,1,1,1,0
08/12/2005,7,30,paramecium,1,22,0.3345,1.9246,0.3049,1,1,19
08/12/2005,7,30,paramecium,2,23,0.3274,2.4221,0.3665,1,1,19
08/12/2005,7,30,paramecium,3,24,0.3082,2.3225,0.4267,1,1,20
08/12/2005,7,28,tetrahymena,1,25,0.279,3.9003,0.3042,1,1,62
08/12/2005,7,28,tetrahymena,2,26,0.3363,4.2525,0.3166,1.7316,0.3263,21
08/12/2005,7,28,tetrahymena,3,27,0.3017,5.1,0.2967,1.6127,0.3155,21
08/12/2005,7,28,loxocephallus,1,28,0.3173,4.6106,0.3498,1,1,46
08/12/2005,7,28,loxocephallus,2,29,0.2977,3.5991,0.3622,1,1,55
08/12/2005,7,28,loxocephallus,3,30,0.3196,3.8163,0.3267,1,1,46
08/12/2005,7,28,colpidium,1,31,0.3395,1,1,1,1,0
08/12/2005,7,28,colpidium,2,32,0.3266,1,1,1,1,0
08/12/2005,7,28,colpidium,3,33,0.3491,1,1,1,1,0
08/12/2005,7,28,paramecium,1,34,0.3087,2.3925,0.4007,1,1,20
08/12/2005,7,28,paramecium,2,35,0.3522,1.6187,0.3235,1,1,34
08/12/2005,7,28,paramecium,3,36,0.3487,1.2181,0.3331,1,1,8
08/12/2005,7,26,tetrahymena,1,37,0.3164,5.209,0.3535,1.9466,0.3691,25
08/12/2005,7,26,tetrahymena,2,38,0.3653,5.2817,0.3423,2.5914,0.3085,13
08/12/2005,7,26,tetrahymena,3,39,0.3315,5.1416,0.2877,1.3485,0.3314,23
08/12/2005,7,26,loxocephallus,1,40,0.331,2.5618,0.2982,1,1,77
08/12/2005,7,26,loxocephallus,2,41,0.3198,2.6239,0.3675,1,1,88
08/12/2005,7,26,loxocephallus,3,42,0.3076,2.7457,0.2891,1,1,69
08/12/2005,7,26,colpidium,1,43,0.3293,1,1,1,1,0
08/12/2005,7,26,colpidium,2,44,0.3082,1,1,1,1,0
08/12/2005,7,26,colpidium,3,45,0.3064,1,1,1,1,0
08/12/2005,7,26,paramecium,1,46,0.3692,1.8395,0.3664,1,1,30
08/12/2005,7,26,paramecium,2,47,0.324,1.4842,0.3234,1,1,22
08/12/2005,7,26,paramecium,3,48,0.3037,1.5915,0.3691,1,1,13
08/12/2005,7,24,tetrahymena,1,49,0.2283,4.9118,0.3072,1.4677,0.3609,37
08/12/2005,7,24,tetrahymena,2,50,0.3472,5.3963,0.3104,1.5134,0.3325,11
08/12/2005,7,24,tetrahymena,3,51,0.3434,6.4927,0.2895,1,1,80
08/12/2005,7,24,loxocephallus,1,52,0.3019,2.4026,0.3228,0.9859,0.3581,19
08/12/2005,7,24,loxocephallus,2,53,0.3397,3.6611,0.2986,1,1,51
08/12/2005,7,24,loxocephallus,3,54,0.2697,3.3076,0.2849,1,1,68
08/12/2005,7,24,colpidium,1,55,0.2842,1,1,1,1,3
08/12/2005,7,24,colpidium,2,56,0.3597,1,1,1,1,0
08/12/2005,7,24,colpidium,3,57,0.4833,1,1,1,1,0
08/12/2005,7,22,tetrahymena,1,61,0.2802,5.0939,0.3779,1.8212,0.3243,15
08/12/2005,7,22,tetrahymena,2,62,0.3173,6.8371,0.2208,1,1,35
08/12/2005,7,22,tetrahymena,3,63,0.297,6.3311,0.338,1.013,0.3804,26
08/12/2005,7,22,loxocephallus,1,64,0.3288,1.7651,0.3841,1,1,50
08/12/2005,7,22,loxocephallus,2,65,0.2848,1.8209,0.32,1,1,41
08/12/2005,7,22,loxocephallus,3,66,0.3171,1.3038,0.3149,1,1,70
08/12/2005,7,22,colpidium,1,67,0.3334,2.0813,0.2888,1,1,33
08/12/2005,7,22,colpidium,2,68,0.3426,1,1,1,1,9
08/12/2005,7,22,colpidium,3,69,0.2909,1,1,1,1,50
08/12/2005,7,20,loxocephallus,1,76,0.3014,1.9994,0.3087,1,1,19
08/12/2005,7,20,loxocephallus,2,77,0.3961,1.084,0.306,1,1,28
08/12/2005,7,20,loxocephallus,3,78,0.3639,1.7083,0.2934,1,1,43
08/12/2005,7,20,colpidium,1,79,0.3133,2.4954,0.3867,1,1,33
08/12/2005,7,20,colpidium,2,80,0.3496,1.3221,0.364,1,1,8
08/12/2005,7,20,colpidium,3,81,0.3003,1,1,1,1,80
08/12/2005,7,20,paramecium,1,82,0.3266,2.3814,0.2864,1,1,20
08/12/2005,7,20,paramecium,2,83,0.3589,2.3066,0.3093,1,1,18
08/12/2005,7,20,paramecium,3,84,0.3016,1.0984,0.304,1,1,14
08/12/2005,7,18,loxocephallus,1,88,0.3027,0.8284,0.305,1,1,39
08/12/2005,7,18,loxocephallus,2,89,0.3241,1,1,1,1,48
08/12/2005,7,18,loxocephallus,3,90,0.3152,0.9815,0.3536,1,1,20
08/12/2005,7,18,colpidium,1,91,0.3211,1.0834,0.3587,1,1,25
08/12/2005,7,18,colpidium,2,92,0.3587,2.2202,0.37,1,1,29
08/12/2005,7,18,colpidium,3,93,0.3555,2.5434,0.3185,1,1,21
08/12/2005,7,18,paramecium,1,94,0.3213,2.0526,0.4168,1,1,24
08/12/2005,7,18,paramecium,2,95,0.3889,0.7212,0.373,1,1,33
08/12/2005,7,18,paramecium,3,96,0.3838,1.0082,0.3266,1,1,25
09/12/2005,8,32,loxocephallus,1,4,0.2884,3.7028,0.3587,1,1,71
09/12/2005,8,32,loxocephallus,2,5,0.2966,3.6071,0.3481,1,1,39
09/12/2005,8,32,loxocephallus,3,6,0.3,3.9489,0.3241,1,1,65
09/12/2005,8,32,colpidium,1,7,0.3061,1,1,1,1,0
09/12/2005,8,32,colpidium,2,8,0.3274,1,1,1,1,0
09/12/2005,8,32,colpidium,3,9,0.3392,1,1,1,1,0
09/12/2005,8,30,loxocephallus,1,16,0.3032,4.0814,0.271,1,1,64
09/12/2005,8,30,loxocephallus,2,17,0.3879,4.5059,0.2974,1,1,88
09/12/2005,8,30,loxocephallus,3,18,0.3263,3.4608,0.2485,1.0759,0.3704,16
09/12/2005,8,30,colpidium,1,19,0.3231,1,1,1,1,0
09/12/2005,8,30,colpidium,2,20,0.3112,1,1,1,1,0
09/12/2005,8,30,colpidium,3,21,0.3369,1,1,1,1,0
09/12/2005,8,28,loxocephallus,1,28,0.3354,3.6056,0.2969,1,1,91
09/12/2005,8,28,loxocephallus,2,29,0.3281,4.64,0.371,1,1,59
09/12/2005,8,28,loxocephallus,3,30,0.2905,4.3787,0.3575,1,1,62
09/12/2005,8,28,colpidium,1,31,0.3498,1,1,1,1,0
09/12/2005,8,28,colpidium,2,32,0.3139,1,1,1,1,0
09/12/2005,8,28,colpidium,3,33,0.3162,1,1,1,1,0
09/12/2005,8,26,loxocephallus,1,40,0.2887,4.0143,0.3308,1,1,47
09/12/2005,8,26,loxocephallus,2,41,0.3378,4.5206,0.3019,1,1,37
09/12/2005,8,26,loxocephallus,3,42,0.3546,3.978,0.3202,1,1,51
09/12/2005,8,26,colpidium,1,43,0.331,1,1,1,1,0
09/12/2005,8,26,colpidium,2,44,0.3204,1,1,1,1,0
09/12/2005,8,26,colpidium,3,45,0.3705,1,1,1,1,0
09/12/2005,8,24,tetrahymena,1,49,0.3259,4.7991,0.3435,1.5269,0.3417,25
09/12/2005,8,24,tetrahymena,2,50,0.3005,5.3382,0.3249,1.5138,0.3388,14
09/12/2005,8,24,tetrahymena,3,51,0.3828,5.9329,0.3602,1.4406,0.3407,22
09/12/2005,8,24,loxocephallus,1,52,0.3568,3.5415,0.3307,1,1,80
09/12/2005,8,24,loxocephallus,2,53,0.3802,3.6689,0.3213,1,1,68
09/12/2005,8,24,loxocephallus,3,54,0.3409,3.608,0.3368,1,1,77
09/12/2005,8,24,colpidium,1,55,0.3292,1,1,1,1,5
09/12/2005,8,24,colpidium,2,56,0.3561,1,1,1,1,0
09/12/2005,8,24,colpidium,3,57,0.3558,1,1,1,1,0
09/12/2005,8,24,paramecium,1,58,0.3207,1.229,0.3523,1,1,22
09/12/2005,8,24,paramecium,2,59,0.2819,2.2015,0.3928,1,1,11
09/12/2005,8,24,paramecium,3,60,0.4045,2.088,0.3763,1,1,26
09/12/2005,8,22,tetrahymena,1,61,0.3839,5.7534,0.4372,2.7702,0.3495,11
09/12/2005,8,22,tetrahymena,2,62,0.333,5.3571,0.3538,2.5702,0.3702,24
09/12/2005,8,22,tetrahymena,3,63,0.3541,5.3921,0.3922,2.0718,0.3807,26
09/12/2005,8,22,loxocephallus,1,64,0.3572,1.5988,0.3582,1,1,87
09/12/2005,8,22,loxocephallus,2,65,0.3213,2.7596,0.3664,1,1,55
09/12/2005,8,22,loxocephallus,3,66,0.3213,2.4977,0.3374,1,1,75
09/12/2005,8,22,colpidium,1,67,0.3233,1.9992,0.33,1,1,35
09/12/2005,8,22,colpidium,2,68,0.36,1,1,1,1,11
09/12/2005,8,22,colpidium,3,69,0.3228,1,1,1,1,64
09/12/2005,8,22,paramecium,1,70,0.3357,1.5846,0.3653,1,1,14
09/12/2005,8,22,paramecium,2,71,0.3037,1.6115,0.4004,1,1,25
09/12/2005,8,22,paramecium,3,72,0.3004,1.0871,0.3616,1,1,8
09/12/2005,8,20,tetrahymena,1,73,0.3581,3.2989,0.3556,2.3701,0.3054,22
09/12/2005,8,20,tetrahymena,2,74,0.3699,5.175,0.3158,1,1,34
09/12/2005,8,20,tetrahymena,3,75,0.3714,4.9903,0.3187,1.3897,0.4628,16
09/12/2005,8,20,loxocephallus,1,76,0.3558,2.1785,0.4193,0.9308,0.3715,18
09/12/2005,8,20,loxocephallus,2,77,0.3781,3.6264,0.3925,1,1,40
09/12/2005,8,20,loxocephallus,3,78,0.3358,3.6702,0.315,1,1,31
09/12/2005,8,20,colpidium,1,79,0.3733,2.5631,0.3344,1,1,17
09/12/2005,8,20,colpidium,2,80,0.3296,1,1,1,1,66
09/12/2005,8,20,colpidium,3,81,0.3324,1,1,1,1,35
09/12/2005,8,20,paramecium,1,82,0.3315,2.0983,0.3584,1,1,18
09/12/2005,8,20,paramecium,2,83,0.3831,2.253,0.3294,1,1,5
09/12/2005,8,20,paramecium,3,84,0.3436,1.7069,0.3196,1,1,28
09/12/2005,8,18,tetrahymena,1,85,0.3284,4.0153,0.3769,2.2517,0.4367,20
09/12/2005,8,18,tetrahymena,2,86,0.358,6.4942,0.3794,2.1198,0.3413,23
09/12/2005,8,18,tetrahymena,3,87,0.3931,5.3238,0.3426,1.0765,0.3364,26
09/12/2005,8,18,loxocephallus,1,88,0.4094,2.8132,0.4389,1,1,21
09/12/2005,8,18,loxocephallus,2,89,0.3523,1.2936,0.3941,1,1,27
09/12/2005,8,18,loxocephallus,3,90,0.3556,1.995,0.4214,1,1,9
09/12/2005,8,18,colpidium,1,91,0.3457,1.2852,0.3748,1,1,25
09/12/2005,8,18,colpidium,2,92,0.3445,1.7894,0.3324,1,1,37
09/12/2005,8,18,colpidium,3,93,0.3594,1.7403,0.3342,1,1,64
09/12/2005,8,18,paramecium,1,94,0.3739,1.8801,0.3515,1,1,14
09/12/2005,8,18,paramecium,2,95,0.3519,1.7073,0.403,1,1,26
09/12/2005,8,18,paramecium,3,96,0.3021,1.1002,0.3726,1,1,20
10/12/2005,9,24,loxocephallus,1,52,0.2987,4.1418,0.335,1,1,55
10/12/2005,9,24,loxocephallus,2,53,0.3661,4.3184,0.3122,1,1,21
10/12/2005,9,24,loxocephallus,3,54,0.35,4.0464,0.3461,1,1,51
10/12/2005,9,24,colpidium,1,55,0.3288,1,1,1,1,6
10/12/2005,9,24,colpidium,2,56,0.3187,1,1,1,1,0
10/12/2005,9,24,colpidium,3,57,0.3381,1,1,1,1,0
10/12/2005,9,22,loxocephallus,1,64,0.3047,3.1061,0.3394,1,1,115
10/12/2005,9,22,loxocephallus,2,65,0.333,4.1003,0.2881,1,1,32
10/12/2005,9,22,loxocephallus,3,66,0.3401,4.2741,0.2931,1.4711,0.3683,22
10/12/2005,9,22,colpidium,1,67,0.331,2.5463,0.3894,1,1,41
10/12/2005,9,22,colpidium,2,68,0.3546,1,1,1,1,12
10/12/2005,9,22,colpidium,3,69,0.3478,0.8306,0.3315,1,1,35
10/12/2005,9,20,loxocephallus,1,76,0.334,3.7988,0.3226,1,1,64
10/12/2005,9,20,loxocephallus,2,77,0.3511,3.6767,0.4128,1,1,100
10/12/2005,9,20,loxocephallus,3,78,0.3919,4.3568,0.3335,1,1,72
10/12/2005,9,20,colpidium,1,79,0.3877,3.0245,0.3624,1,1,40
10/12/2005,9,20,colpidium,2,80,0.3672,1,1,1,1,38
10/12/2005,9,20,colpidium,3,81,0.3844,1,1,1,1,49
10/12/2005,9,18,loxocephallus,1,88,0.4047,3.7553,0.3213,1,1,26
10/12/2005,9,18,loxocephallus,2,89,0.3565,2.5155,0.3729,1,1,13
10/12/2005,9,18,loxocephallus,3,90,0.3382,3.046,0.3664,1,1,22
10/12/2005,9,18,colpidium,1,91,0.3262,1.2979,0.3662,1,1,3
10/12/2005,9,18,colpidium,2,92,0.3682,2.3005,0.3976,1,1,53
10/12/2005,9,18,colpidium,3,93,0.3328,1.9683,0.3284,1,1,44
11/12/2005,10,28,loxocephallus,1,28,0.3685,3.9692,0.3827,1,1,67
11/12/2005,10,28,loxocephallus,2,29,0.3389,4.0618,0.3713,1,1,54
11/12/2005,10,28,loxocephallus,3,30,0.3257,3.7801,0.3278,1,1,90
11/12/2005,10,28,colpidium,1,31,0.3245,1,1,1,1,0
11/12/2005,10,28,colpidium,2,32,0.3467,1,1,1,1,0
11/12/2005,10,28,colpidium,3,33,0.3113,1,1,1,1,0
11/12/2005,10,26,loxocephallus,1,40,0.3307,4.1727,0.2808,1,1,50
11/12/2005,10,26,loxocephallus,2,41,0.3407,3.7484,0.335,1,1,52
11/12/2005,10,26,loxocephallus,3,42,0.3274,3.8898,0.3793,1,1,42
11/12/2005,10,26,colpidium,1,43,0.3684,1,1,1,1,0
11/12/2005,10,26,colpidium,2,44,0.333,1,1,1,1,0
11/12/2005,10,26,colpidium,3,45,0.324,1,1,1,1,0
11/12/2005,10,24,loxocephallus,1,52,0.3054,4.0461,0.3392,1,1,62
11/12/2005,10,24,loxocephallus,2,53,0.3834,4.089,0.3281,1,1,57
11/12/2005,10,24,loxocephallus,3,54,0.3443,4.123,0.3769,1,1,53
11/12/2005,10,24,colpidium,1,55,0.3196,1,1,1,1,8
11/12/2005,10,24,colpidium,2,56,0.357,1,1,1,1,0
11/12/2005,10,24,colpidium,3,57,0.292,1,1,1,1,0
11/12/2005,10,22,loxocephallus,1,64,0.3404,4.2191,0.3856,1,1,50
11/12/2005,10,22,loxocephallus,2,65,0.3109,4.4406,0.2773,1,1,42
11/12/2005,10,22,loxocephallus,3,66,0.3674,3.9058,0.3702,1,1,46
11/12/2005,10,22,colpidium,1,67,0.3366,4.0147,0.3636,1,1,30
11/12/2005,10,22,colpidium,2,68,0.3524,1,1,1,1,15
11/12/2005,10,22,colpidium,3,69,0.3066,2.44,0.3456,1,1,8
11/12/2005,10,20,loxocephallus,1,76,0.364,4.6157,0.3266,1,1,78
11/12/2005,10,20,loxocephallus,2,77,0.3061,4.3017,0.3097,1,1,67
11/12/2005,10,20,loxocephallus,3,78,0.3583,4.074,0.3148,1,1,82
11/12/2005,10,20,colpidium,1,79,0.4145,2.4047,0.3421,1,1,31
11/12/2005,10,20,colpidium,2,80,0.3844,1,1,1,1,26
11/12/2005,10,20,colpidium,3,81,0.3511,1,1,1,1,38
11/12/2005,10,20,paramecium,1,82,0.3277,2.5288,0.3459,1,1,14
11/12/2005,10,20,paramecium,2,83,0.3842,2.7554,0.3286,1,1,11
11/12/2005,10,20,paramecium,3,84,0.3366,2.5236,0.3332,1,1,10
11/12/2005,10,18,loxocephallus,1,88,0.3135,2.8021,0.3387,1,1,45
11/12/2005,10,18,loxocephallus,2,89,0.3471,2.7394,0.3084,1,1,37
11/12/2005,10,18,loxocephallus,3,90,0.3923,3.2904,0.2761,1,1,24
11/12/2005,10,18,colpidium,1,91,0.31,2.6437,0.3544,1,1,18
11/12/2005,10,18,colpidium,2,92,0.3669,2.5709,0.3014,1,1,37
11/12/2005,10,18,colpidium,3,93,0.3089,1.8946,0.3512,1,1,34
11/12/2005,10,18,paramecium,1,94,0.2657,1,1,1,1,83
11/12/2005,10,18,paramecium,2,95,0.3372,1.8522,0.3174,1,1,17
11/12/2005,10,18,paramecium,3,96,0.3583,1.8864,0.319,1,1,23
12/12/2005,11,24,loxocephallus,1,52,0.3382,4.3362,0.3,1,1,49
12/12/2005,11,24,loxocephallus,2,53,0.3741,4.0219,0.3302,1,1,87
12/12/2005,11,24,loxocephallus,3,54,0.2936,3.5408,0.3384,1,1,52
12/12/2005,11,24,colpidium,1,55,0.3084,1,1,1,1,6
12/12/2005,11,24,colpidium,2,56,0.3224,1,1,1,1,0
12/12/2005,11,24,colpidium,3,57,0.3288,1,1,1,1,2
12/12/2005,11,22,loxocephallus,1,64,0.3408,4.2856,0.3419,1,1,69
12/12/2005,11,22,loxocephallus,2,65,0.3067,4.7972,0.3067,1,1,32
12/12/2005,11,22,loxocephallus,3,66,0.33,3.5255,0.3375,1,1,74
12/12/2005,11,22,colpidium,1,67,0.3284,3.7227,0.3766,1,1,37
12/12/2005,11,22,colpidium,2,68,0.3586,1,1,1,1,11
12/12/2005,11,22,colpidium,3,69,0.3266,2.7468,0.3298,1,1,20
12/12/2005,11,20,loxocephallus,1,76,0.2893,3.0586,0.2782,1,1,98
12/12/2005,11,20,loxocephallus,2,77,0.3251,3.6906,0.3768,1.6656,0.356,24
12/12/2005,11,20,loxocephallus,3,78,0.3626,3.71,0.379,1,1,78
12/12/2005,11,20,colpidium,1,79,0.3016,1.8227,0.3586,1,1,52
12/12/2005,11,20,colpidium,2,80,0.3143,1,1,1,1,8
12/12/2005,11,20,colpidium,3,81,0.3881,1,1,1,1,37
12/12/2005,11,18,loxocephallus,1,88,0.3758,3.6593,0.3037,1,1,65
12/12/2005,11,18,loxocephallus,2,89,0.345,3.7548,0.3523,1,1,30
12/12/2005,11,18,loxocephallus,3,90,0.3459,3.7446,0.3449,1,1,29
12/12/2005,11,18,colpidium,1,91,0.3365,1.4931,0.3469,1,1,42
12/12/2005,11,18,colpidium,2,92,0.3273,1.7496,0.3268,1,1,48
12/12/2005,11,18,colpidium,3,93,0.328,2.1734,0.3559,1,1,50
13/12/2005,12,24,loxocephallus,1,52,0.3504,3.4117,0.3579,1,1,104
13/12/2005,12,24,loxocephallus,2,53,0.3387,4.036,0.2703,1,1,49
13/12/2005,12,24,loxocephallus,3,54,0.3262,3.9129,0.2845,1,1,63
13/12/2005,12,24,colpidium,1,55,0.3281,1,1,1,1,8
13/12/2005,12,24,colpidium,2,56,0.3013,1,1,1,1,0
13/12/2005,12,24,colpidium,3,57,0.3655,1,1,1,1,2
13/12/2005,12,22,loxocephallus,1,64,0.2958,4.3414,0.2642,1,1,55
13/12/2005,12,22,loxocephallus,2,65,0.3302,3.9931,0.3262,1.7609,0.317,17
13/12/2005,12,22,loxocephallus,3,66,0.3499,4.7077,0.3243,1,1,63
13/12/2005,12,22,colpidium,1,67,0.3302,2.4693,0.3451,1,1,74
13/12/2005,12,22,colpidium,2,68,0.3205,1,1,1,1,11
13/12/2005,12,22,colpidium,3,69,0.3227,3.6453,0.3336,1,1,12
13/12/2005,12,20,loxocephallus,1,76,0.3414,3.6562,0.3099,1,1,117
13/12/2005,12,20,loxocephallus,2,77,0.3132,3.8004,0.3387,1,1,116
13/12/2005,12,20,loxocephallus,3,78,0.3263,4.9829,0.3149,1,1,52
13/12/2005,12,20,colpidium,1,79,0.2824,2.6471,0.2715,1,1,27
13/12/2005,12,20,colpidium,2,80,0.3417,1,1,1,1,8
13/12/2005,12,20,colpidium,3,81,0.2986,1,1,1,1,18
13/12/2005,12,18,loxocephallus,1,88,0.2872,3.1276,0.3456,1,1,78
13/12/2005,12,18,loxocephallus,2,89,0.2782,3.218,0.292,1,1,25
13/12/2005,12,18,loxocephallus,3,90,0.2559,3.3415,0.3586,1,1,50
13/12/2005,12,18,colpidium,1,91,0.3623,1.9791,0.3153,1,1,33
13/12/2005,12,18,colpidium,2,92,0.2884,1.7856,0.3237,1,1,33
13/12/2005,12,18,colpidium,3,93,0.3531,1.8017,0.3393,1,1,41
14/12/2005,13,24,colpidium,1,55,0.298,1,1,1,1,12
14/12/2005,13,24,colpidium,2,56,0.2826,1,1,1,1,0
14/12/2005,13,24,colpidium,3,57,0.2382,1,1,1,1,0
14/12/2005,13,22,loxocephallus,1,64,0.3649,4.0463,0.3185,1,1,59
14/12/2005,13,22,loxocephallus,2,65,0.2992,4.0345,0.3508,1,1,75
14/12/2005,13,22,loxocephallus,3,66,0.3029,4.1828,0.357,1,1,49
14/12/2005,13,22,colpidium,1,67,0.3326,2.9753,0.3345,1,1,48
14/12/2005,13,22,colpidium,2,68,0.3195,1,1,1,1,24
14/12/2005,13,22,colpidium,3,69,0.3543,2.5546,0.3239,1,1,29
14/12/2005,13,20,loxocephallus,1,76,0.3244,3.2982,0.3395,1,1,110
14/12/2005,13,20,loxocephallus,2,77,0.3677,3.5524,0.3852,0.713,0.3626,24
14/12/2005,13,20,loxocephallus,3,78,0.3421,4.1062,0.3688,1.0976,0.3341,24
14/12/2005,13,20,colpidium,1,79,0.3157,2.1963,0.3919,1,1,51
14/12/2005,13,20,colpidium,2,80,0.3661,1,1,1,1,3
14/12/2005,13,20,colpidium,3,81,0.3473,1,1,1,1,21
14/12/2005,13,18,loxocephallus,1,88,0.3517,3.3259,0.3113,1,1,77
14/12/2005,13,18,loxocephallus,2,89,0.3132,3.6534,0.3476,1,1,44
14/12/2005,13,18,loxocephallus,3,90,0.2957,3.4625,0.3743,1,1,55
14/12/2005,13,18,colpidium,1,91,0.333,2.4402,0.3435,1,1,36
14/12/2005,13,18,colpidium,2,92,0.3163,2.5727,0.3513,1,1,38
14/12/2005,13,18,colpidium,3,93,0.3602,2.6158,0.2886,1,1,12
15/12/2005,14,26,colpidium,1,43,0.328,1,1,1,1,0
15/12/2005,14,26,colpidium,2,44,0.3268,1,1,1,1,0
15/12/2005,14,26,colpidium,3,45,0.3202,1,1,1,1,0
15/12/2005,14,24,colpidium,1,55,0.3057,1,1,1,1,15
15/12/2005,14,24,colpidium,2,56,0.3306,1,1,1,1,0
15/12/2005,14,24,colpidium,3,57,0.3337,1,1,1,1,1
15/12/2005,14,22,loxocephallus,1,64,0.3497,3.1989,0.3379,1,1,74
15/12/2005,14,22,loxocephallus,2,65,0.3698,3.6811,0.3704,1,1,76
15/12/2005,14,22,loxocephallus,3,66,0.2972,2.9366,0.3482,1,1,69
15/12/2005,14,22,colpidium,1,67,0.3199,2.7565,0.352,1,1,45
15/12/2005,14,22,colpidium,2,68,0.3642,1,1,1,1,30
15/12/2005,14,22,colpidium,3,69,0.3408,2.7213,0.3513,1,1,14
15/12/2005,14,18,colpidium,1,91,0.3347,2.7238,0.3547,1,1,21
15/12/2005,14,18,colpidium,2,92,0.3764,2.5981,0.2945,1,1,29
15/12/2005,14,18,colpidium,3,93,0.3646,2.6592,0.358,1,1,45
16/12/2005,15,24,colpidium,1,55,0.3425,1,1,1,1,22
16/12/2005,15,24,colpidium,2,56,0.3335,1,1,1,1,0
16/12/2005,15,24,colpidium,3,57,0.3158,1,1,1,1,1
16/12/2005,15,20,loxocephallus,1,76,0.3522,3.7182,0.3275,1,1,71
16/12/2005,15,20,loxocephallus,2,77,0.3088,3.3545,0.307,1,1,84
16/12/2005,15,20,loxocephallus,3,78,0.3285,3.3249,0.3353,1,1,61
16/12/2005,15,18,loxocephallus,1,88,0.319,3.3705,0.3466,1,1,48
16/12/2005,15,18,loxocephallus,2,89,0.3854,3.7892,0.3245,1,1,59
16/12/2005,15,18,loxocephallus,3,90,0.3816,3.7037,0.3233,1,1,31
19/12/2005,18,24,colpidium,1,55,0.3414,1,1,1,1,45
19/12/2005,18,24,colpidium,2,56,0.2826,1,1,1,1,0
19/12/2005,18,24,colpidium,3,57,0.27,1,1,1,1,0
20/12/2005,19,24,colpidium,1,55,0.3027,1.6442,0.3756,1,1,21
20/12/2005,19,24,colpidium,2,56,0.3309,1,1,1,1,0
20/12/2005,19,24,colpidium,3,57,0.2991,1,1,1,1,8
21/12/2005,20,26,tetrahymena,1,37,0.3107,1,1,1,1,89
21/12/2005,20,26,tetrahymena,2,38,0.3379,2.432,0.3024,1,1,24
21/12/2005,20,26,tetrahymena,3,39,0.3287,1.2536,0.3107,1,1,32
21/12/2005,20,26,colpidium,1,43,0.3682,1,1,1,1,1
21/12/2005,20,26,colpidium,2,44,0.3467,1,1,1,1,0
21/12/2005,20,26,colpidium,3,45,0.2636,1,1,1,1,0
21/12/2005,20,26,paramecium,1,46,0.2733,1.6686,0.3445,1,1,26
21/12/2005,20,24,tetrahymena,1,49,0.3312,2.3722,0.337,1,1,41
21/12/2005,20,24,tetrahymena,2,50,0.355,1.7473,0.327,1,1,46
21/12/2005,20,24,tetrahymena,3,51,0.345,1.7308,0.3439,1,1,53
21/12/2005,20,24,colpidium,1,55,0.3487,1,1,1,1,116
21/12/2005,20,24,colpidium,2,56,0.3189,1,1,1,1,0
21/12/2005,20,24,colpidium,3,57,0.2763,1,1,1,1,4
21/12/2005,20,22,tetrahymena,1,61,0.3216,3.1936,0.3418,1,1,53
21/12/2005,20,22,tetrahymena,2,62,0.3257,3.6598,0.2969,1,1,90
21/12/2005,20,22,tetrahymena,3,63,0.3211,3.4773,0.293,1,1,63
21/12/2005,20,22,colpidium,1,67,0.3348,2.3604,0.3025,1,1,67
21/12/2005,20,22,colpidium,2,68,0.3293,2.445,0.3586,1,1,27
21/12/2005,20,22,colpidium,3,69,0.2713,2.5682,0.3109,1,1,29
21/12/2005,20,20,tetrahymena,1,73,0.3249,4.5084,0.3563,1,1,103
21/12/2005,20,20,tetrahymena,2,74,0.328,5.5317,0.3403,1,1,51
21/12/2005,20,20,tetrahymena,3,75,0.2783,4.9787,0.3404,1,1,77
21/12/2005,20,20,colpidium,1,79,0.3858,2.5769,0.3299,1,1,63
21/12/2005,20,20,colpidium,2,80,0.3424,1,1,1,1,0
21/12/2005,20,20,colpidium,3,81,0.3585,1,1,1,1,36
21/12/2005,20,18,tetrahymena,1,85,0.3519,3.3422,0.353,1.2041,0.2647,28
21/12/2005,20,18,tetrahymena,2,86,0.323,3.9442,0.3455,1.5942,0.3695,24
21/12/2005,20,18,tetrahymena,3,87,0.3122,5.3598,0.3291,1,1,103
21/12/2005,20,18,loxocephallus,2,89,0.3273,5.0472,0.3204,1,1,45
21/12/2005,20,18,colpidium,1,91,0.3237,2.5446,0.3305,1,1,35
21/12/2005,20,18,colpidium,2,92,0.3597,2.7087,0.3611,1,1,42
21/12/2005,20,18,colpidium,3,93,0.31,2.9055,0.3398,1,1,52
21/12/2005,20,18,paramecium,1,94,0.3472,2.5446,0.3535,1,1,14
21/12/2005,20,18,paramecium,2,95,0.2962,2.8547,0.2697,1,1,15
21/12/2005,20,18,paramecium,3,96,0.346,2.3125,0.3257,1,1,21
22/12/2005,21,28,colpidium,1,31,0.3658,1,1,1,1,0
22/12/2005,21,28,colpidium,2,32,0.362,1,1,1,1,0
22/12/2005,21,28,colpidium,3,33,0.3553,1,1,1,1,0
22/12/2005,21,26,loxocephallus,1,40,0.3203,2.784,0.3343,1,1,16
22/12/2005,21,26,colpidium,1,43,0.3439,1,1,1,1,4
22/12/2005,21,26,colpidium,2,44,0.2872,1,1,1,1,0
22/12/2005,21,26,colpidium,3,45,0.3199,1,1,1,1,0
22/12/2005,21,26,paramecium,2,47,0.3119,2.2984,0.3656,1,1,28
22/12/2005,21,26,paramecium,3,48,0.3472,1.6357,0.3492,1,1,42
22/12/2005,21,24,loxocephallus,1,52,0.3189,4.0909,0.2921,1,1,40
22/12/2005,21,24,loxocephallus,2,53,0.3394,4.1518,0.3663,1,1,22
22/12/2005,21,24,colpidium,1,55,0.3139,1.6635,0.3449,1,1,24
22/12/2005,21,24,colpidium,2,56,0.3424,1,1,1,1,0
22/12/2005,21,24,colpidium,3,57,0.3875,1,1,1,1,4
22/12/2005,21,24,paramecium,1,58,0.3524,1.7971,0.3578,1,1,34
22/12/2005,21,24,paramecium,3,60,0.2956,1.563,0.3646,1,1,19
22/12/2005,21,22,loxocephallus,2,65,0.3597,3.8451,0.3585,1.6865,0.3506,13
22/12/2005,21,22,colpidium,1,67,0.3152,3.8529,0.3949,1,1,50
22/12/2005,21,22,colpidium,2,68,0.3604,2.7222,0.3565,1,1,46
22/12/2005,21,22,colpidium,3,69,0.3307,1,1,1,1,2
22/12/2005,21,20,tetrahymena,2,74,0.3422,4.6849,0.334,1,1,92
22/12/2005,21,20,tetrahymena,3,75,0.3264,4.7393,0.3552,1,1,106
22/12/2005,21,20,colpidium,1,79,0.3084,3.4531,0.326,1,1,61
22/12/2005,21,20,colpidium,2,80,0.3269,1,1,1,1,2
22/12/2005,21,20,colpidium,3,81,0.3077,1,1,1,1,7
22/12/2005,21,20,paramecium,1,82,0.3667,2.1797,0.3571,1,1,25
22/12/2005,21,20,paramecium,2,83,0.3787,2.6987,0.3413,1,1,14
22/12/2005,21,20,paramecium,3,84,0.3469,2.4788,0.3966,1,1,18
22/12/2005,21,18,tetrahymena,3,87,0.3205,4.5822,0.3064,1,1,127
22/12/2005,21,18,loxocephallus,1,88,0.3236,4.9506,0.2973,1,1,37
22/12/2005,21,18,loxocephallus,2,89,0.3211,3.2763,0.2863,1,1,31
22/12/2005,21,18,loxocephallus,3,90,0.3507,3.5246,0.3276,1,1,69
22/12/2005,21,18,colpidium,1,91,0.32,1.8602,0.307,1,1,30
22/12/2005,21,18,colpidium,3,93,0.3342,2.0578,0.35,1,1,80
22/12/2005,21,18,paramecium,2,95,0.3327,2.3146,0.3885,1,1,28
23/12/2005,22,26,colpidium,1,43,0.3511,1,1,1,1,0
23/12/2005,22,26,colpidium,2,44,0.3188,1,1,1,1,0
23/12/2005,22,26,colpidium,3,45,0.3246,1,1,1,1,0
23/12/2005,22,24,colpidium,1,55,0.3386,2.3827,0.281,1,1,16
23/12/2005,22,24,colpidium,2,56,0.3187,1,1,1,1,0
23/12/2005,22,24,colpidium,3,57,0.3142,1,1,1,1,4
23/12/2005,22,22,colpidium,1,67,0.314,3.1258,0.3374,1,1,60
28/12/2005,27,26,colpidium,1,43,0.2956,1,1,1,1,0
28/12/2005,27,26,colpidium,2,44,0.3,1,1,1,1,0
28/12/2005,27,26,colpidium,3,45,0.2941,1,1,1,1,0
28/12/2005,27,24,colpidium,1,55,0.2829,2.6565,0.285,1,1,16
28/12/2005,27,24,colpidium,2,56,0.3098,1,1,1,1,1
28/12/2005,27,24,colpidium,3,57,0.3823,1,1,1,1,2
28/12/2005,27,22,colpidium,1,67,0.3823,3.0238,0.3722,1,1,105
04/01/2006,34,24,colpidium,1,55,0.3405,3.1883,0.2805,1,1,18
04/01/2006,34,24,colpidium,2,56,0.3099,1.2365,0.2243,1,1,16
04/01/2006,34,24,colpidium,3,57,0.2973,1,1,1,1,3
04/01/2006,34,22,colpidium,1,67,0.3069,3.511,0.3254,1,1,72
05/01/2006,35,26,colpidium,1,43,0.3458,1,1,1,1,0
05/01/2006,35,26,colpidium,2,44,0.3294,1,1,1,1,0
05/01/2006,35,26,colpidium,3,45,0.3637,1,1,1,1,0
05/01/2006,35,24,colpidium,1,55,0.2898,1.7155,0.3409,1,1,50
05/01/2006,35,24,colpidium,2,56,0.3579,1.714,0.3415,1,1,24
05/01/2006,35,24,colpidium,3,57,0.3078,1,1,1,1,1
05/01/2006,35,22,colpidium,1,67,0.2735,3.1996,0.3855,1,1,117
05/01/2006,35,22,colpidium,2,68,0.3786,1,1,1,1,0
06/01/2006,36,26,colpidium,1,43,0.3393,1,1,1,1,0
06/01/2006,36,26,colpidium,2,44,0.3365,1,1,1,1,0
06/01/2006,36,26,colpidium,3,45,0.3863,1,1,1,1,0
06/01/2006,36,24,colpidium,1,55,0.3418,1.8934,0.3513,1,1,54
06/01/2006,36,24,colpidium,2,56,0.3174,1.6693,0.326,1,1,44
06/01/2006,36,24,colpidium,3,57,0.3394,1,1,1,1,0
06/01/2006,36,22,colpidium,1,67,0.3294,2.8657,0.3144,1,1,91
06/01/2006,36,22,colpidium,2,68,0.3189,1,1,1,1,0
06/01/2006,36,22,colpidium,3,69,0.3151,3.5197,0.2879,1,1,68
06/01/2006,36,20,colpidium,1,79,0.3268,3.4303,0.2783,1,1,71
06/01/2006,36,20,colpidium,2,80,0.3168,2.8062,0.3327,1,1,44
06/01/2006,36,20,colpidium,3,81,0.3214,1,1,1,1,1
09/01/2006,39,26,colpidium,1,43,0.2769,1,1,1,1,0
09/01/2006,39,26,colpidium,2,44,0.3105,1,1,1,1,0
09/01/2006,39,26,colpidium,3,45,0.3196,1,1,1,1,0
09/01/2006,39,24,colpidium,1,55,0.2929,3.1295,0.2795,1,1,15
09/01/2006,39,24,colpidium,2,56,0.3125,2.9691,0.2957,1,1,12
09/01/2006,39,24,colpidium,3,57,0.3013,1,1,1,1,0
09/01/2006,39,22,colpidium,1,67,0.3176,3.4623,0.341,1,1,94
09/01/2006,39,22,colpidium,2,68,0.3644,1,1,1,1,0
09/01/2006,39,22,colpidium,3,69,0.3434,3.1638,0.2975,1,1,93
10/12/2006,40,26,colpidium,1,43,0.2852,1,1,1,1,0
10/12/2006,40,26,colpidium,2,44,0.326,1,1,1,1,0
10/12/2006,40,26,colpidium,3,45,0.3048,1,1,1,1,0
10/12/2006,40,26,paramecium,1,46,0.3101,1,1,1,1,4
10/12/2006,40,26,paramecium,2,47,0.3116,1.8527,0.3225,1,1,9
10/12/2006,40,26,paramecium,3,48,0.3716,1,1,1,1,0
10/12/2006,40,24,colpidium,1,55,0.3532,2.0725,0.3372,1,1,45
10/12/2006,40,24,colpidium,2,56,0.548,3.9831,0.2929,1,1,9
10/12/2006,40,24,colpidium,3,57,0.3321,1,1,1,1,0
10/12/2006,40,24,paramecium,1,58,0.3415,1.5916,0.2696,1,1,12
10/12/2006,40,24,paramecium,2,59,0.3379,1.5398,0.3427,1,1,12
10/12/2006,40,24,paramecium,3,60,0.3127,1,1,1,1,20
10/12/2006,40,22,colpidium,1,67,0.3108,1.9335,0.3257,1.569,0.3498,22
10/12/2006,40,22,colpidium,2,68,0.2789,1,1,1,1,0
10/12/2006,40,22,colpidium,3,69,0.293,3.2255,0.28,1,1,39
10/12/2006,40,22,paramecium,1,70,0.3586,1,1,1,1,34
10/12/2006,40,22,paramecium,2,71,0.3214,1.1929,0.2986,1,1,39
10/12/2006,40,22,paramecium,3,72,0.3624,1.1515,0.2861,1,1,34
10/12/2006,40,20,tetrahymena,1,73,0.3669,1,1,1,1,34
10/12/2006,40,20,tetrahymena,2,74,0.3104,1,1,1,1,36
10/12/2006,40,20,tetrahymena,3,75,0.2967,1,1,1,1,13
10/12/2006,40,20,colpidium,1,79,0.3581,2.1131,0.3322,1,1,122
10/12/2006,40,20,colpidium,2,80,0.2916,3.4131,0.285,1,1,35
10/12/2006,40,20,colpidium,3,81,0.361,1,1,1,1,0
10/12/2006,40,18,tetrahymena,3,87,0.3412,1,1,1,1,13
10/12/2006,40,18,colpidium,3,93,0.3537,1.9394,0.3353,1,1,31
10/12/2006,40,18,paramecium,2,95,0.34,1.6279,0.3264,1,1,28
11/12/2006,41,24,colpidium,1,55,0.3058,2.0024,0.2949,1,1,42
11/12/2006,41,24,colpidium,2,56,0.3266,2.5164,0.3151,1,1,13
11/12/2006,41,24,colpidium,3,57,0.3232,1,1,1,1,0
11/12/2006,41,22,colpidium,1,67,0.2697,3.4527,0.3714,1,1,72
11/12/2006,41,22,colpidium,2,68,0.3161,1,1,1,1,0
11/12/2006,41,22,colpidium,3,69,0.3386,3.0566,0.3794,1.2405,0.3852,25
11/12/2006,41,22,paramecium,1,70,0.3272,2.4925,0.3585,1,1,18
11/12/2006,41,22,paramecium,2,71,0.3419,2.2057,0.3352,1,1,25
11/12/2006,41,22,paramecium,3,72,0.3177,1,1,1,1,32
11/12/2006,41,20,colpidium,1,79,0.3125,3.6806,0.3597,1,1,71
11/12/2006,41,20,colpidium,2,80,0.3745,3.547,0.3409,1,1,45
11/12/2006,41,20,colpidium,3,81,0.3338,1,1,1,1,0
12/12/2006,42,24,colpidium,1,55,0.2784,3.3632,0.3215,1,1,21
12/12/2006,42,24,colpidium,2,56,0.3602,2.3749,0.3466,1,1,42
12/12/2006,42,24,colpidium,3,57,0.3207,1,1,1,1,0
12/12/2006,42,22,colpidium,1,67,0.3132,3.4947,0.3192,1,1,88
12/12/2006,42,22,colpidium,2,68,0.4043,1,1,1,1,0
12/12/2006,42,22,colpidium,3,69,0.3416,3.8388,0.308,1,1,61
12/12/2006,42,22,paramecium,1,70,0.3529,1,1,1,1,35
12/12/2006,42,22,paramecium,2,71,0.3469,1.2524,0.3534,1,1,31
12/12/2006,42,22,paramecium,3,72,0.3019,2.5238,0.3105,1,1,13
12/12/2006,42,20,colpidium,1,79,0.2706,2.5824,0.3358,1,1,82
12/12/2006,42,20,colpidium,2,80,0.3494,3.8845,0.2862,1,1,37
12/12/2006,42,20,colpidium,3,81,0.3619,3.1123,0.338,1,1,82
13/12/2006,43,24,colpidium,1,55,0.3231,1.7093,0.3169,1,1,32
13/12/2006,43,24,colpidium,2,56,0.2956,1.9743,0.3526,1,1,34
13/12/2006,43,24,colpidium,3,57,0.2857,1,1,1,1,0
13/12/2006,43,22,colpidium,1,67,0.3438,2.5274,0.268,1,1,107
13/12/2006,43,22,colpidium,2,68,0.3183,1,1,1,1,0
13/12/2006,43,22,colpidium,3,69,0.3356,4.08,0.2941,1,1,52
13/12/2006,43,22,paramecium,1,70,0.3319,1,1,1,1,34
13/12/2006,43,22,paramecium,2,71,0.2883,1,1,1,1,77
13/12/2006,43,22,paramecium,3,72,0.3378,1.1958,0.2692,1,1,32
13/12/2006,43,20,colpidium,1,79,0.305,3.9244,0.3474,1,1,72
13/12/2006,43,20,colpidium,2,80,0.3085,3.3398,0.2952,1,1,46
13/12/2006,43,20,colpidium,3,81,0.3424,1,1,1,1,0
16/12/2006,46,24,colpidium,1,55,0.3225,3.4662,0.3137,1,1,9
16/12/2006,46,24,colpidium,2,56,0.3468,2.2814,0.3161,1,1,23
16/12/2006,46,24,colpidium,3,57,0.3709,1,1,1,1,0
16/12/2006,46,22,colpidium,1,67,0.2942,3.5336,0.2867,1,1,68
16/12/2006,46,22,colpidium,2,68,0.3322,1,1,1,1,0
16/12/2006,46,22,colpidium,3,69,0.2908,4.0571,0.3338,1,1,58
16/12/2006,46,22,paramecium,1,70,0.3595,1,1,1,1,41
16/12/2006,46,22,paramecium,2,71,0.2951,1,1,1,1,68
16/12/2006,46,22,paramecium,3,72,0.3217,1.2319,0.3282,1,1,40
16/12/2006,46,20,colpidium,1,79,0.3037,4.2407,0.3174,1,1,64
16/12/2006,46,20,colpidium,2,80,0.409,3.7035,0.3296,1,1,55
16/12/2006,46,20,colpidium,3,81,0.3439,1,1,1,1,0
